plot,period,status,transect,sample,quad,mean_nh4
BC1,Closed season,Reserve,A,A,0A,0.2909630140982676
BC1,Closed season,Reserve,A,A,0B,1.238580127438993
BC1,Closed season,Reserve,A,A,10A,0.21064603488432695
BC1,Closed season,Reserve,A,A,10B,0.316055241658614
BC1,Closed season,Reserve,A,A,15A,0.19462254099540016
BC1,Closed season,Reserve,A,A,15B,0.09437490981974936
BC1,Closed season,Reserve,A,A,20A,0.4737325798250319
BC1,Closed season,Reserve,A,A,20B,0.8625459493207414
BC1,Closed season,Reserve,A,A,5A,1.5374324991645707
BC1,Closed season,Reserve,A,A,5B,1.5294543822394868
BC1,Closed season,Reserve,A,B,0A,6.974444244906095e-4
BC1,Closed season,Reserve,A,B,0B,0.010616909140096267
BC1,Closed season,Reserve,A,B,10A,0.015697745952581214
BC1,Closed season,Reserve,A,B,10B,0.06503725790388469
BC1,Closed season,Reserve,A,B,15A,1.6619776752856432
BC1,Closed season,Reserve,A,B,15B,0.12399874139944549
BC1,Closed season,Reserve,A,B,20A,0.008675264253574138
BC1,Closed season,Reserve,A,B,20B,0.00317281742802139
BC1,Closed season,Reserve,A,B,5A,0.21454504241401146
BC1,Closed season,Reserve,A,B,5B,0.43573526888245445
BC1,Closed season,Reserve,A,C,0A,0.01708506340656583
BC1,Closed season,Reserve,A,C,0B,0.3541679188305938
BC1,Closed season,Reserve,A,C,10A,0.032634336746116335
BC1,Closed season,Reserve,A,C,10B,0.3265689665635118
BC1,Closed season,Reserve,A,C,15A,0.43777165384232286
BC1,Closed season,Reserve,A,C,15B,0.034056397531207656
BC1,Closed season,Reserve,A,C,20A,0.002571858698599482
BC1,Closed season,Reserve,A,C,20B,7.028116412980977e-4
BC1,Closed season,Reserve,A,C,5A,0.7459529008014603
BC1,Closed season,Reserve,A,C,5B,1.0348200219081634
BC1,Closed season,Reserve,B,A,0A,1.4731481655311935
BC1,Closed season,Reserve,B,A,0B,0.0827269045870674
BC1,Closed season,Reserve,B,A,10A,0.9222597522770629
BC1,Closed season,Reserve,B,A,10B,0.17867084652264956
BC1,Closed season,Reserve,B,A,15A,0.014449566923872663
BC1,Closed season,Reserve,B,A,15B,0.013398245382597061
BC1,Closed season,Reserve,B,A,20A,0.025368583828871877
BC1,Closed season,Reserve,B,A,20B,0.001288158489974864
BC1,Closed season,Reserve,B,A,5A,0.19682093868520192
BC1,Closed season,Reserve,B,A,5B,0.03230684640338171
BC1,Closed season,Reserve,B,B,0A,0.6737558409949402
BC1,Closed season,Reserve,B,B,0B,0.2756304824741722
BC1,Closed season,Reserve,B,B,10A,0.20217872774301765
BC1,Closed season,Reserve,B,B,10B,0.06190339173121273
BC1,Closed season,Reserve,B,B,15A,0.09611577368617699
BC1,Closed season,Reserve,B,B,15B,0.1607925143716581
BC1,Closed season,Reserve,B,B,20A,1.8389290092780453e-4
BC1,Closed season,Reserve,B,B,20B,7.977137866927553e-5
BC1,Closed season,Reserve,B,B,5A,0.36775060165773904
BC1,Closed season,Reserve,B,B,5B,0.8604182693213165
BC1,Closed season,Reserve,B,C,0A,0.93526887979862094
BC1,Closed season,Reserve,B,C,0B,0.053224606926367164
BC1,Closed season,Reserve,B,C,10A,0.4570128730618797
BC1,Closed season,Reserve,B,C,10B,0.14630093002385391
BC1,Closed season,Reserve,B,C,15A,0.006500326861002232
BC1,Closed season,Reserve,B,C,15B,0.01410736877017744
BC1,Closed season,Reserve,B,C,20A,3.099323134168054e-5
BC1,Closed season,Reserve,B,C,20B,3.570238503168178e-5
BC1,Closed season,Reserve,B,C,5A,0.03696492494916001
BC1,Closed season,Reserve,B,C,5B,0.17418449205936215
BC1,Closed season,Reserve,C,A,0A,0.10124818553077523
BC1,Closed season,Reserve,C,A,0B,0.6871749227328896
BC1,Closed season,Reserve,C,A,10A,0.5178247514188498
BC1,Closed season,Reserve,C,A,10B,0.04158653587010333
BC1,Closed season,Reserve,C,A,15A,0.2312227470841172
BC1,Closed season,Reserve,C,A,15B,0.08682026995358076
BC1,Closed season,Reserve,C,A,20A,1.0198422936181119e-4
BC1,Closed season,Reserve,C,A,20B,6.726732754577919e-5
BC1,Closed season,Reserve,C,A,5A,0.5283575119466916
BC1,Closed season,Reserve,C,A,5B,0.8501865653864827
BC1,Closed season,Reserve,C,B,0A,0.003319437571726476
BC1,Closed season,Reserve,C,B,0B,1.645149145051361e-4
BC1,Closed season,Reserve,C,B,10A,1.581470570088109
BC1,Closed season,Reserve,C,B,10B,4.460979587765264
BC1,Closed season,Reserve,C,B,15A,0.022603235701192763
BC1,Closed season,Reserve,C,B,15B,0.03485083052823277
BC1,Closed season,Reserve,C,B,20A,6.215136819470057e-5
BC1,Closed season,Reserve,C,B,20B,4.202941719798848e-4
BC1,Closed season,Reserve,C,B,5A,0.034673813494812855
BC1,Closed season,Reserve,C,B,5B,0.010771764249755757
BC1,Closed season,Reserve,C,C,0A,0.11026853446986375
BC1,Closed season,Reserve,C,C,0B,0.7782533124436558
BC1,Closed season,Reserve,C,C,10A,0.49739065415829414
BC1,Closed season,Reserve,C,C,10B,0.04394329752129678
BC1,Closed season,Reserve,C,C,15A,0.22902241869916287
BC1,Closed season,Reserve,C,C,15B,0.0676535971472522
BC1,Closed season,Reserve,C,C,20A,6.559926615036327e-4
BC1,Closed season,Reserve,C,C,20B,0.01099414840384502
BC1,Closed season,Reserve,C,C,5A,0.8194511181325725
BC1,Closed season,Reserve,C,C,5B,2.1021830461759894
BC1,Closed season,Reserve,D,A,0A,0.04482819764302397
BC1,Closed season,Reserve,D,A,0B,0.0032216079481061496
BC1,Closed season,Reserve,D,A,10A,0.161338389569511
BC1,Closed season,Reserve,D,A,10B,1.4414450571083444
BC1,Closed season,Reserve,D,A,15A,0.00332405669332545
BC1,Closed season,Reserve,D,A,15B,0.004919764591490971
BC1,Closed season,Reserve,D,A,20A,9.993818338616123e-6
BC1,Closed season,Reserve,D,A,20B,2.897966364696636e-6
BC1,Closed season,Reserve,D,A,5A,0.37215102952617657
BC1,Closed season,Reserve,D,A,5B,0.7372236204259919
BC1,Closed season,Reserve,D,B,0A,7.172630046743407e-6
BC1,Closed season,Reserve,D,B,0B,7.122816731905958e-6
BC1,Closed season,Reserve,D,B,10A,0.4925906654607313
BC1,Closed season,Reserve,D,B,10B,0.6925388840793527
BC1,Closed season,Reserve,D,B,15A,0.5747914266500119
BC1,Closed season,Reserve,D,B,15B,0.6072912046285687
BC1,Closed season,Reserve,D,B,20A,0.0033926489586755134
BC1,Closed season,Reserve,D,B,20B,0.0026959083100229248
BC1,Closed season,Reserve,D,B,5A,0.007780854617045578
BC1,Closed season,Reserve,D,B,5B,0.018777195606289536
BC1,Closed season,Reserve,D,C,0A,0.050081250586404516
BC1,Closed season,Reserve,D,C,0B,0.0043966742971612936
BC1,Closed season,Reserve,D,C,10A,0.02364102216673786
BC1,Closed season,Reserve,D,C,10B,0.2745694094967055
BC1,Closed season,Reserve,D,C,15A,0.019485851710347883
BC1,Closed season,Reserve,D,C,15B,0.011243815610751214
BC1,Closed season,Reserve,D,C,20A,0.2172342653559307
BC1,Closed season,Reserve,D,C,20B,0.0580946376836363
BC1,Closed season,Reserve,D,C,5A,0.651405153825305
BC1,Closed season,Reserve,D,C,5B,2.5959598554911016
BC1,Open season,Reserve,A,D,0A,0.02353310100882336
BC1,Open season,Reserve,A,D,0B,0.13348730047967633
BC1,Open season,Reserve,A,D,10A,0.17017179448749606
BC1,Open season,Reserve,A,D,10B,0.8498221420229638
BC1,Open season,Reserve,A,D,15A,0.7136597646425126
BC1,Open season,Reserve,A,D,15B,0.4059586653000104
BC1,Open season,Reserve,A,D,20A,0.8559930896431375
BC1,Open season,Reserve,A,D,20B,1.0797281947406032
BC1,Open season,Reserve,A,D,5A,0.29605494506476954
BC1,Open season,Reserve,A,D,5B,0.9433902598534422
BC1,Open season,Reserve,A,E,0A,0.8492966010913435
BC1,Open season,Reserve,A,E,0B,0.0778586757274979
BC1,Open season,Reserve,A,E,10A,0.4728890697011171
BC1,Open season,Reserve,A,E,10B,0.12102556092489702
BC1,Open season,Reserve,A,E,15A,0.27561461337884846
BC1,Open season,Reserve,A,E,15B,0.16932636352085437
BC1,Open season,Reserve,A,E,20A,1.2358011282762594e-4
BC1,Open season,Reserve,A,E,20B,1.3733161785314696e-4
BC1,Open season,Reserve,A,E,5A,0.014381902057960992
BC1,Open season,Reserve,A,E,5B,0.1871576758112358
BC1,Open season,Reserve,B,D,0A,2.04088357990081
BC1,Open season,Reserve,B,D,0B,0.8787843436934429
BC1,Open season,Reserve,B,D,10A,0.887186296383103
BC1,Open season,Reserve,B,D,10B,0.17740409934052864
BC1,Open season,Reserve,B,D,15A,0.055238755124393385
BC1,Open season,Reserve,B,D,15B,0.015264617462989292
BC1,Open season,Reserve,B,D,20A,0.36661450702154497
BC1,Open season,Reserve,B,D,20B,0.0628740732620563
BC1,Open season,Reserve,B,D,5A,0.0636446040296589
BC1,Open season,Reserve,B,D,5B,0.22835118559485845
BC1,Open season,Reserve,B,E,0A,0.1726082678517203
BC1,Open season,Reserve,B,E,0B,0.9052789702815047
BC1,Open season,Reserve,B,E,10A,0.14100904302111897
BC1,Open season,Reserve,B,E,10B,0.2404241021938477
BC1,Open season,Reserve,B,E,15A,0.3745867849402106
BC1,Open season,Reserve,B,E,15B,0.6007485667743226
BC1,Open season,Reserve,B,E,20A,2.4304233641212934e-4
BC1,Open season,Reserve,B,E,20B,2.643771893734792e-4
BC1,Open season,Reserve,B,E,5A,0.35282415844406356
BC1,Open season,Reserve,B,E,5B,0.7065818424088733
BC1,Open season,Reserve,C,D,0A,0.026967380354961372
BC1,Open season,Reserve,C,D,0B,0.014763585693900912
BC1,Open season,Reserve,C,D,10A,0.7677483122392305
BC1,Open season,Reserve,C,D,10B,0.3314033105067428
BC1,Open season,Reserve,C,D,15A,0.15748236027956178
BC1,Open season,Reserve,C,D,15B,1.7415121189870924
BC1,Open season,Reserve,C,D,20A,0.10138706546685276
BC1,Open season,Reserve,C,D,20B,0.021979559922535957
BC1,Open season,Reserve,C,D,5A,1.4554403322656493
BC1,Open season,Reserve,C,D,5B,0.2683201402001287
BC1,Open season,Reserve,C,E,0A,1.282454137693863
BC1,Open season,Reserve,C,E,0B,0.43842313322926013
BC1,Open season,Reserve,C,E,10A,0.991721867207888
BC1,Open season,Reserve,C,E,10B,1.9513029778748383
BC1,Open season,Reserve,C,E,15A,0.021679722228658483
BC1,Open season,Reserve,C,E,15B,0.010200826606837963
BC1,Open season,Reserve,C,E,20A,6.178596847948189e-5
BC1,Open season,Reserve,C,E,20B,1.2963186676882009e-5
BC1,Open season,Reserve,C,E,5A,3.3127752001429167
BC1,Open season,Reserve,C,E,5B,2.050741931724098
BC1,Open season,Reserve,D,D,0A,0.007714117315662582
BC1,Open season,Reserve,D,D,0B,0.0012530857186882904
BC1,Open season,Reserve,D,D,10A,1.1059022052820953
BC1,Open season,Reserve,D,D,10B,0.20502647124141524
BC1,Open season,Reserve,D,D,15A,0.2830362518329499
BC1,Open season,Reserve,D,D,15B,0.029358141865945216
BC1,Open season,Reserve,D,D,20A,0.0957623701873547
BC1,Open season,Reserve,D,D,20B,0.1775258623614065
BC1,Open season,Reserve,D,D,5A,0.1082038645656187
BC1,Open season,Reserve,D,D,5B,0.02516756960574326
BC1,Open season,Reserve,D,E,0A,0.05027351647047022
BC1,Open season,Reserve,D,E,0B,0.006745222740830121
BC1,Open season,Reserve,D,E,10A,0.22995933608654823
BC1,Open season,Reserve,D,E,10B,0.8110727592999298
BC1,Open season,Reserve,D,E,15A,0.004450949703705183
BC1,Open season,Reserve,D,E,15B,0.004520992295386293
BC1,Open season,Reserve,D,E,20A,2.99401173631253e-6
BC1,Open season,Reserve,D,E,20B,1.995108925032518e-6
BC1,Open season,Reserve,D,E,5A,0.395301216266826
BC1,Open season,Reserve,D,E,5B,0.028652105815156176
BR1,Closed season,Reserve,A,A,0A,8.0698341919927e-8
BR1,Closed season,Reserve,A,A,0B,7.976686872179782e-7
BR1,Closed season,Reserve,A,A,10A,0.0029815198472449554
BR1,Closed season,Reserve,A,A,10B,0.03586806018024273
BR1,Closed season,Reserve,A,A,15A,0.1731306757864205
BR1,Closed season,Reserve,A,A,15B,3.7621932828394833
BR1,Closed season,Reserve,A,A,20A,0.011881352003149272
BR1,Closed season,Reserve,A,A,20B,0.07741787786232372
BR1,Closed season,Reserve,A,A,5A,3.0399600024533228e-5
BR1,Closed season,Reserve,A,A,5B,2.3475581131835892e-4
BR1,Closed season,Reserve,A,B,0A,0.013256630393625408
BR1,Closed season,Reserve,A,B,0B,0.07060570624564402
BR1,Closed season,Reserve,A,B,10A,0.0026228866507839485
BR1,Closed season,Reserve,A,B,10B,0.033319589624446054
BR1,Closed season,Reserve,A,B,15A,0.13000782292647803
BR1,Closed season,Reserve,A,B,15B,2.824921590618879
BR1,Closed season,Reserve,A,B,20A,0.00892558986413615
BR1,Closed season,Reserve,A,B,20B,0.05815955370896052
BR1,Closed season,Reserve,A,B,5A,0.06282829437271656
BR1,Closed season,Reserve,A,B,5B,0.6959326799513272
BR1,Closed season,Reserve,A,C,0A,1.7285857766280444e-6
BR1,Closed season,Reserve,A,C,0B,2.246283948263539e-5
BR1,Closed season,Reserve,A,C,10A,0.0012311197021900623
BR1,Closed season,Reserve,A,C,10B,0.010272077475385045
BR1,Closed season,Reserve,A,C,15A,0.10118506558281658
BR1,Closed season,Reserve,A,C,15B,2.1619405096623274
BR1,Closed season,Reserve,A,C,20A,0.006465863547116164
BR1,Closed season,Reserve,A,C,20B,0.03985762049355175
BR1,Closed season,Reserve,A,C,5A,3.272336019614298e-5
BR1,Closed season,Reserve,A,C,5B,6.722533683310592e-4
BR1,Closed season,Reserve,B,A,0A,5.6424898865548034e-5
BR1,Closed season,Reserve,B,A,0B,0.0011595109145327463
BR1,Closed season,Reserve,B,A,10A,2.051396683651318
BR1,Closed season,Reserve,B,A,10B,2.275144526308007
BR1,Closed season,Reserve,B,A,15A,17.57640683718075
BR1,Closed season,Reserve,B,A,15B,2.0122177462322157
BR1,Closed season,Reserve,B,A,20A,0.13994031833917372
BR1,Closed season,Reserve,B,A,20B,0.03745698796414124
BR1,Closed season,Reserve,B,A,5A,0.002175070865222083
BR1,Closed season,Reserve,B,A,5B,0.01111602023589567
BR1,Closed season,Reserve,B,B,0A,0.039017847088992356
BR1,Closed season,Reserve,B,B,0B,0.004900972300969944
BR1,Closed season,Reserve,B,B,10A,2.04223615899949
BR1,Closed season,Reserve,B,B,10B,2.2042217605423806
BR1,Closed season,Reserve,B,B,15A,13.151930407131873
BR1,Closed season,Reserve,B,B,15B,1.6775799475655002
BR1,Closed season,Reserve,B,B,20A,0.10514834282086465
BR1,Closed season,Reserve,B,B,20B,0.028307866876842152
BR1,Closed season,Reserve,B,B,5A,0.2748203745437331
BR1,Closed season,Reserve,B,B,5B,0.048474091095704955
BR1,Closed season,Reserve,B,C,0A,5.585958500379997e-4
BR1,Closed season,Reserve,B,C,0B,0.002245555580944924
BR1,Closed season,Reserve,B,C,10A,0.4529224847184729
BR1,Closed season,Reserve,B,C,10B,1.9736951331761399
BR1,Closed season,Reserve,B,C,15A,7.9685102771962075
BR1,Closed season,Reserve,B,C,15B,1.5956172233446209
BR1,Closed season,Reserve,B,C,20A,0.06529214986251794
BR1,Closed season,Reserve,B,C,20B,0.01774561232665416
BR1,Closed season,Reserve,B,C,5A,0.07043310809277217
BR1,Closed season,Reserve,B,C,5B,1.4623142026850906
BR1,Closed season,Reserve,C,A,0A,0.09931978000570556
BR1,Closed season,Reserve,C,A,0B,1.534952851410157
BR1,Closed season,Reserve,C,A,10A,0.6243027699059877
BR1,Closed season,Reserve,C,A,10B,0.1335565873955296
BR1,Closed season,Reserve,C,A,15A,0.13287409396894048
BR1,Closed season,Reserve,C,A,15B,0.10214892057990262
BR1,Closed season,Reserve,C,A,20A,0.04490314499364592
BR1,Closed season,Reserve,C,A,20B,0.6495954269160191
BR1,Closed season,Reserve,C,A,5A,0.15176121229180017
BR1,Closed season,Reserve,C,A,5B,1.084239648567266
BR1,Closed season,Reserve,C,B,0A,0.0019282352225020245
BR1,Closed season,Reserve,C,B,0B,0.015000714245687352
BR1,Closed season,Reserve,C,B,10A,0.08932495665544671
BR1,Closed season,Reserve,C,B,10B,0.3343272270657553
BR1,Closed season,Reserve,C,B,15A,0.12856669415190297
BR1,Closed season,Reserve,C,B,15B,0.09509256187216128
BR1,Closed season,Reserve,C,B,20A,0.04430911738331195
BR1,Closed season,Reserve,C,B,20B,0.6339156428726147
BR1,Closed season,Reserve,C,B,5A,2.1240126894758276
BR1,Closed season,Reserve,C,B,5B,1.8362839801373894
BR1,Closed season,Reserve,C,C,0A,0.0037723266688952572
BR1,Closed season,Reserve,C,C,0B,0.017577760154920567
BR1,Closed season,Reserve,C,C,10A,0.15414893394480933
BR1,Closed season,Reserve,C,C,10B,0.02328325741484622
BR1,Closed season,Reserve,C,C,15A,0.10964905427937646
BR1,Closed season,Reserve,C,C,15B,0.17463634746536397
BR1,Closed season,Reserve,C,C,20A,0.08324796051815807
BR1,Closed season,Reserve,C,C,20B,1.2173253176277725
BR1,Closed season,Reserve,C,C,5A,4.098094325642272
BR1,Closed season,Reserve,C,C,5B,0.24457938726300307
BR1,Closed season,Reserve,D,A,0A,1.8767261520509522
BR1,Closed season,Reserve,D,A,0B,0.4100744626685028
BR1,Closed season,Reserve,D,A,10A,0.08988734083825689
BR1,Closed season,Reserve,D,A,10B,0.9831625623495084
BR1,Closed season,Reserve,D,A,15A,0.45968707760632616
BR1,Closed season,Reserve,D,A,15B,1.5571115385863787
BR1,Closed season,Reserve,D,A,20A,3.002263332707392
BR1,Closed season,Reserve,D,A,20B,1.9006859683345243
BR1,Closed season,Reserve,D,A,5A,0.3543504730006829
BR1,Closed season,Reserve,D,A,5B,0.03717870397333494
BR1,Closed season,Reserve,D,B,0A,1.4199401685551245
BR1,Closed season,Reserve,D,B,0B,11.52059409120366
BR1,Closed season,Reserve,D,B,10A,0.28640494145468476
BR1,Closed season,Reserve,D,B,10B,0.02084555415432615
BR1,Closed season,Reserve,D,B,15A,0.2655487600636831
BR1,Closed season,Reserve,D,B,15B,0.23687516162600925
BR1,Closed season,Reserve,D,B,20A,2.596181130124942
BR1,Closed season,Reserve,D,B,20B,2.4161921631855257
BR1,Closed season,Reserve,D,B,5A,0.08659419888262372
BR1,Closed season,Reserve,D,B,5B,0.0684253498369809
BR1,Closed season,Reserve,D,C,0A,1.4578795952666017
BR1,Closed season,Reserve,D,C,0B,7.174879552105021
BR1,Closed season,Reserve,D,C,10A,0.5354010928619092
BR1,Closed season,Reserve,D,C,10B,0.5386929145027461
BR1,Closed season,Reserve,D,C,15A,0.4372701181504636
BR1,Closed season,Reserve,D,C,15B,0.3021251303304812
BR1,Closed season,Reserve,D,C,20A,4.3210258583749415
BR1,Closed season,Reserve,D,C,20B,2.8900401353472214
BR1,Closed season,Reserve,D,C,5A,0.5702222283947244
BR1,Closed season,Reserve,D,C,5B,1.4830492223459275
BR1,Open season,Reserve,A,D,0A,6.483632023712716e-8
BR1,Open season,Reserve,A,D,0B,8.315946141435046e-7
BR1,Open season,Reserve,A,D,10A,3.4955939360397986e-4
BR1,Open season,Reserve,A,D,10B,0.006900897529102188
BR1,Open season,Reserve,A,D,15A,4.117752696067978e-4
BR1,Open season,Reserve,A,D,15B,0.008121312036958992
BR1,Open season,Reserve,A,D,20A,4.790778341021707e-6
BR1,Open season,Reserve,A,D,20B,3.2433062820098616e-5
BR1,Open season,Reserve,A,D,5A,7.949972581209326e-6
BR1,Open season,Reserve,A,D,5B,7.76004249569073e-5
BR1,Open season,Reserve,A,E,0A,1.1511420070497994e-8
BR1,Open season,Reserve,A,E,0B,5.1048632050410006e-8
BR1,Open season,Reserve,A,E,10A,4.7282552293790306e-4
BR1,Open season,Reserve,A,E,10B,0.007816918305994076
BR1,Open season,Reserve,A,E,15A,0.0024391950973810506
BR1,Open season,Reserve,A,E,15B,0.02976949002262273
BR1,Open season,Reserve,A,E,20A,0.0061279828690937385
BR1,Open season,Reserve,A,E,20B,0.08471579390948734
BR1,Open season,Reserve,A,E,5A,5.782032984771313e-6
BR1,Open season,Reserve,A,E,5B,4.813861132485276e-5
BR1,Open season,Reserve,B,D,0A,3.113499115466212e-5
BR1,Open season,Reserve,B,D,0B,2.2298513306060033e-4
BR1,Open season,Reserve,B,D,10A,0.4962955180980525
BR1,Open season,Reserve,B,D,10B,1.910057862998919
BR1,Open season,Reserve,B,D,15A,0.30876469611207863
BR1,Open season,Reserve,B,D,15B,0.5662494062395503
BR1,Open season,Reserve,B,D,20A,1.9391914995955166e-4
BR1,Open season,Reserve,B,D,20B,3.139605586889261e-4
BR1,Open season,Reserve,B,D,5A,0.0020246347893917707
BR1,Open season,Reserve,B,D,5B,0.033702258541809374
BR1,Open season,Reserve,B,E,0A,2.1741743282621687e-7
BR1,Open season,Reserve,B,E,0B,3.826389889294291e-7
BR1,Open season,Reserve,B,E,10A,0.351552527341149
BR1,Open season,Reserve,B,E,10B,1.7002493377484496
BR1,Open season,Reserve,B,E,15A,0.8270350212635637
BR1,Open season,Reserve,B,E,15B,1.3650559038061323
BR1,Open season,Reserve,B,E,20A,0.09464910601730864
BR1,Open season,Reserve,B,E,20B,0.007736384909655032
BR1,Open season,Reserve,B,E,5A,4.5999073666342483e-4
BR1,Open season,Reserve,B,E,5B,7.842291912092271e-4
BR1,Open season,Reserve,C,D,0A,0.0013836207979540979
BR1,Open season,Reserve,C,D,0B,0.008472339248175908
BR1,Open season,Reserve,C,D,10A,0.14925812120793003
BR1,Open season,Reserve,C,D,10B,0.015460384737177695
BR1,Open season,Reserve,C,D,15A,0.040959341022135116
BR1,Open season,Reserve,C,D,15B,0.028615988446039388
BR1,Open season,Reserve,C,D,20A,0.007228521372229014
BR1,Open season,Reserve,C,D,20B,0.13140845975637933
BR1,Open season,Reserve,C,D,5A,2.196957583305366
BR1,Open season,Reserve,C,D,5B,0.6371343055174324
BR1,Open season,Reserve,C,E,0A,9.64906708772695e-6
BR1,Open season,Reserve,C,E,0B,2.2653512795907103e-4
BR1,Open season,Reserve,C,E,10A,0.2897600059740768
BR1,Open season,Reserve,C,E,10B,0.6517540363134697
BR1,Open season,Reserve,C,E,15A,0.11006476890103128
BR1,Open season,Reserve,C,E,15B,0.037253933592253104
BR1,Open season,Reserve,C,E,20A,0.00544175119599661
BR1,Open season,Reserve,C,E,20B,0.08744506735047418
BR1,Open season,Reserve,C,E,5A,4.979620403520846e-4
BR1,Open season,Reserve,C,E,5B,3.879841623581104e-4
BR1,Open season,Reserve,D,D,0A,0.6052463318039051
BR1,Open season,Reserve,D,D,0B,2.466410116438787
BR1,Open season,Reserve,D,D,10A,0.03867310279497807
BR1,Open season,Reserve,D,D,10B,0.21342488336490245
BR1,Open season,Reserve,D,D,15A,0.18115514300702562
BR1,Open season,Reserve,D,D,15B,0.09729337766095673
BR1,Open season,Reserve,D,D,20A,2.08692421794206
BR1,Open season,Reserve,D,D,20B,0.7862413548924836
BR1,Open season,Reserve,D,D,5A,0.4683361100830922
BR1,Open season,Reserve,D,D,5B,1.2784910717775757
BR1,Open season,Reserve,D,E,0A,0.025201957682242777
BR1,Open season,Reserve,D,E,0B,0.44939895243132005
BR1,Open season,Reserve,D,E,10A,0.045592494219892185
BR1,Open season,Reserve,D,E,10B,0.0260234829845529
BR1,Open season,Reserve,D,E,15A,0.49849221249828235
BR1,Open season,Reserve,D,E,15B,0.2714783378174813
BR1,Open season,Reserve,D,E,20A,1.0292500555828323
BR1,Open season,Reserve,D,E,20B,0.37723358507624405
BR1,Open season,Reserve,D,E,5A,0.0010270292811941808
BR1,Open season,Reserve,D,E,5B,0.0035392723097604677
BR2,Closed season,Reserve,A,A,0A,0.6341386007115392
BR2,Closed season,Reserve,A,A,0B,4.166365552210916
BR2,Closed season,Reserve,A,A,10A,0.2201271846104124
BR2,Closed season,Reserve,A,A,10B,1.6545103308444964
BR2,Closed season,Reserve,A,A,15A,1.05739406506163
BR2,Closed season,Reserve,A,A,15B,2.987026330266378
BR2,Closed season,Reserve,A,A,20A,0.23436768250360163
BR2,Closed season,Reserve,A,A,20B,0.7143947089641921
BR2,Closed season,Reserve,A,A,5A,0.9290123366964049
BR2,Closed season,Reserve,A,A,5B,3.377963043821076
BR2,Closed season,Reserve,A,B,0A,0.4108972218605224
BR2,Closed season,Reserve,A,B,0B,5.036585907153012
BR2,Closed season,Reserve,A,B,10A,0.4301593703030168
BR2,Closed season,Reserve,A,B,10B,1.8099187998312964
BR2,Closed season,Reserve,A,B,15A,0.11599553104128735
BR2,Closed season,Reserve,A,B,15B,0.7208580843522655
BR2,Closed season,Reserve,A,B,20A,0.2898232177324724
BR2,Closed season,Reserve,A,B,20B,2.3903759152872115
BR2,Closed season,Reserve,A,B,5A,1.7933025279475756
BR2,Closed season,Reserve,A,B,5B,2.0096919158557234
BR2,Closed season,Reserve,A,C,0A,4.006974704647723
BR2,Closed season,Reserve,A,C,0B,0.6018117254373142
BR2,Closed season,Reserve,A,C,10A,14.878089583167974
BR2,Closed season,Reserve,A,C,10B,2.6328725011244596
BR2,Closed season,Reserve,A,C,15A,3.850979857172803
BR2,Closed season,Reserve,A,C,15B,1.0790493096118818
BR2,Closed season,Reserve,A,C,20A,1.3679440230293722
BR2,Closed season,Reserve,A,C,20B,0.21878179421876875
BR2,Closed season,Reserve,A,C,5A,3.341932429136796
BR2,Closed season,Reserve,A,C,5B,1.3822983261397368
BR2,Closed season,Reserve,B,A,0A,0.26761493295326
BR2,Closed season,Reserve,B,A,0B,0.6863905959597391
BR2,Closed season,Reserve,B,A,10A,10.255115030877866
BR2,Closed season,Reserve,B,A,10B,3.4529574058062322
BR2,Closed season,Reserve,B,A,15A,0.9182585218023996
BR2,Closed season,Reserve,B,A,15B,0.5694419215063501
BR2,Closed season,Reserve,B,A,20A,0.7549975003837474
BR2,Closed season,Reserve,B,A,20B,0.3099737973803571
BR2,Closed season,Reserve,B,A,5A,0.3583487361493176
BR2,Closed season,Reserve,B,A,5B,0.0672794871415598
BR2,Closed season,Reserve,B,B,0A,0.6463939559847389
BR2,Closed season,Reserve,B,B,0B,0.09723938957118576
BR2,Closed season,Reserve,B,B,10A,1.3906764972724521
BR2,Closed season,Reserve,B,B,10B,2.546481679320308
BR2,Closed season,Reserve,B,B,15A,2.275494369407513
BR2,Closed season,Reserve,B,B,15B,14.845282051512825
BR2,Closed season,Reserve,B,B,20A,4.057452324314372
BR2,Closed season,Reserve,B,B,20B,1.6943259981070533
BR2,Closed season,Reserve,B,B,5A,1.4059259117592822
BR2,Closed season,Reserve,B,B,5B,0.7280394282347169
BR2,Closed season,Reserve,B,C,0A,1.7990323977865257
BR2,Closed season,Reserve,B,C,0B,1.4881911992020211
BR2,Closed season,Reserve,B,C,10A,4.678981121936313
BR2,Closed season,Reserve,B,C,10B,1.6217165672496325
BR2,Closed season,Reserve,B,C,15A,0.7335223492904193
BR2,Closed season,Reserve,B,C,15B,1.4193700330038366
BR2,Closed season,Reserve,B,C,20A,0.7778425020589366
BR2,Closed season,Reserve,B,C,20B,0.7885939716606216
BR2,Closed season,Reserve,B,C,5A,0.09250517624969778
BR2,Closed season,Reserve,B,C,5B,0.020718854362478223
BR2,Closed season,Reserve,C,A,0A,0.2935738690048163
BR2,Closed season,Reserve,C,A,0B,0.014669527683920349
BR2,Closed season,Reserve,C,A,10A,1.385761194649642
BR2,Closed season,Reserve,C,A,10B,0.5970623312126773
BR2,Closed season,Reserve,C,A,15A,2.2769690596788124
BR2,Closed season,Reserve,C,A,15B,6.310078561661014
BR2,Closed season,Reserve,C,A,20A,0.45502358978413826
BR2,Closed season,Reserve,C,A,20B,0.8036643791548417
BR2,Closed season,Reserve,C,A,5A,0.025297617817830423
BR2,Closed season,Reserve,C,A,5B,0.050503596671181115
BR2,Closed season,Reserve,C,B,0A,0.00553724991868717
BR2,Closed season,Reserve,C,B,0B,0.0040314474253909695
BR2,Closed season,Reserve,C,B,10A,15.000225200003676
BR2,Closed season,Reserve,C,B,10B,3.388413570476569
BR2,Closed season,Reserve,C,B,15A,4.05072065154235
BR2,Closed season,Reserve,C,B,15B,0.8040795879499414
BR2,Closed season,Reserve,C,B,20A,0.07398089802671645
BR2,Closed season,Reserve,C,B,20B,0.018802128584056558
BR2,Closed season,Reserve,C,B,5A,0.7655274892614873
BR2,Closed season,Reserve,C,B,5B,0.21972434070460156
BR2,Closed season,Reserve,C,C,0A,0.01813751600559634
BR2,Closed season,Reserve,C,C,0B,0.011416873416018663
BR2,Closed season,Reserve,C,C,10A,0.36930101005388416
BR2,Closed season,Reserve,C,C,10B,0.8033483742525127
BR2,Closed season,Reserve,C,C,15A,4.057272315759362
BR2,Closed season,Reserve,C,C,15B,5.460158438173862
BR2,Closed season,Reserve,C,C,20A,2.1084254861908276
BR2,Closed season,Reserve,C,C,20B,0.6040213903156553
BR2,Closed season,Reserve,C,C,5A,0.19292000260905018
BR2,Closed season,Reserve,C,C,5B,3.694842664199354
BR2,Closed season,Reserve,D,A,0A,0.08445280736677059
BR2,Closed season,Reserve,D,A,0B,0.5306447500220178
BR2,Closed season,Reserve,D,A,10A,0.3352868909401808
BR2,Closed season,Reserve,D,A,10B,0.7788974879414677
BR2,Closed season,Reserve,D,A,15A,3.7696004191232944
BR2,Closed season,Reserve,D,A,15B,2.422709081223203
BR2,Closed season,Reserve,D,A,20A,0.1973433665167393
BR2,Closed season,Reserve,D,A,20B,0.03340804374360523
BR2,Closed season,Reserve,D,A,5A,0.0362138574590048
BR2,Closed season,Reserve,D,A,5B,0.007843283348980327
BR2,Closed season,Reserve,D,B,0A,0.3030036024754112
BR2,Closed season,Reserve,D,B,0B,1.8308054282556316
BR2,Closed season,Reserve,D,B,10A,0.058929258631739465
BR2,Closed season,Reserve,D,B,10B,0.07023938138019369
BR2,Closed season,Reserve,D,B,15A,4.101829917670746
BR2,Closed season,Reserve,D,B,15B,1.2333208761084864
BR2,Closed season,Reserve,D,B,20A,0.02020996463626932
BR2,Closed season,Reserve,D,B,20B,0.00933982208756621
BR2,Closed season,Reserve,D,B,5A,0.14105602317828883
BR2,Closed season,Reserve,D,B,5B,0.4755857888355451
BR2,Closed season,Reserve,D,C,0A,0.6351506029816113
BR2,Closed season,Reserve,D,C,0B,3.925532424429589
BR2,Closed season,Reserve,D,C,10A,6.587707992152754
BR2,Closed season,Reserve,D,C,10B,2.076904838320631
BR2,Closed season,Reserve,D,C,15A,0.10849609453126435
BR2,Closed season,Reserve,D,C,15B,0.018943718937085383
BR2,Closed season,Reserve,D,C,20A,0.020486075111239895
BR2,Closed season,Reserve,D,C,20B,0.0012105807564320157
BR2,Closed season,Reserve,D,C,5A,8.340363993875632
BR2,Closed season,Reserve,D,C,5B,2.985507459335268
BR2,Open season,Reserve,A,D,0A,2.697705558256629
BR2,Open season,Reserve,A,D,0B,0.34321875448438666
BR2,Open season,Reserve,A,D,10A,7.516312411104806
BR2,Open season,Reserve,A,D,10B,5.282014620618409
BR2,Open season,Reserve,A,D,15A,0.7364108376818426
BR2,Open season,Reserve,A,D,15B,0.5969777656873498
BR2,Open season,Reserve,A,D,20A,3.5414444397442686e-4
BR2,Open season,Reserve,A,D,20B,6.202548441661148e-4
BR2,Open season,Reserve,A,D,5A,0.48875998792575226
BR2,Open season,Reserve,A,D,5B,0.907413801038846
BR2,Open season,Reserve,A,E,0A,0.025420856138116114
BR2,Open season,Reserve,A,E,0B,0.18172507314410624
BR2,Open season,Reserve,A,E,10A,6.315761881549549
BR2,Open season,Reserve,A,E,10B,3.0257898014490805
BR2,Open season,Reserve,A,E,15A,0.711381973800508
BR2,Open season,Reserve,A,E,15B,0.09397854093884346
BR2,Open season,Reserve,A,E,20A,3.3936917440595247e-4
BR2,Open season,Reserve,A,E,20B,1.4983405393717225e-4
BR2,Open season,Reserve,A,E,5A,0.23697018011853652
BR2,Open season,Reserve,A,E,5B,0.12474485726424175
BR2,Open season,Reserve,B,D,0A,0.42586904072601206
BR2,Open season,Reserve,B,D,0B,0.06970830517675122
BR2,Open season,Reserve,B,D,10A,0.3381541638628208
BR2,Open season,Reserve,B,D,10B,0.0432504961094215
BR2,Open season,Reserve,B,D,15A,0.4338842427818996
BR2,Open season,Reserve,B,D,15B,0.31801136421662757
BR2,Open season,Reserve,B,D,20A,0.0237006364306525
BR2,Open season,Reserve,B,D,20B,0.32188585769319167
BR2,Open season,Reserve,B,D,5A,2.399994826206706
BR2,Open season,Reserve,B,D,5B,0.13659406448104355
BR2,Open season,Reserve,B,E,0A,1.0533476826961172
BR2,Open season,Reserve,B,E,0B,0.4790141236527428
BR2,Open season,Reserve,B,E,10A,2.593023665974594
BR2,Open season,Reserve,B,E,10B,0.8400096106567612
BR2,Open season,Reserve,B,E,15A,0.025616595726566705
BR2,Open season,Reserve,B,E,15B,0.12330759395435421
BR2,Open season,Reserve,B,E,20A,4.808585360410954e-5
BR2,Open season,Reserve,B,E,20B,1.231903948752233e-4
BR2,Open season,Reserve,B,E,5A,0.03485477383505104
BR2,Open season,Reserve,B,E,5B,0.009214336048139642
BR2,Open season,Reserve,C,D,0A,1.5661152165419865
BR2,Open season,Reserve,C,D,0B,0.9834701415683419
BR2,Open season,Reserve,C,D,10A,0.06403602333325341
BR2,Open season,Reserve,C,D,10B,0.055726970998858316
BR2,Open season,Reserve,C,D,15A,1.3101538089849964
BR2,Open season,Reserve,C,D,15B,0.7926343504193917
BR2,Open season,Reserve,C,D,20A,0.3647736572346614
BR2,Open season,Reserve,C,D,20B,0.03165101927244288
BR2,Open season,Reserve,C,D,5A,0.10126765062997685
BR2,Open season,Reserve,C,D,5B,1.8129718037350406
BR2,Open season,Reserve,C,E,0A,0.030203626323663618
BR2,Open season,Reserve,C,E,0B,0.005409494845839949
BR2,Open season,Reserve,C,E,10A,2.34833292052248
BR2,Open season,Reserve,C,E,10B,0.6494755173070149
BR2,Open season,Reserve,C,E,15A,0.47967888582164386
BR2,Open season,Reserve,C,E,15B,1.16121526756876
BR2,Open season,Reserve,C,E,20A,3.748001341144568e-4
BR2,Open season,Reserve,C,E,20B,5.260195569091806e-4
BR2,Open season,Reserve,C,E,5A,0.008759571966788698
BR2,Open season,Reserve,C,E,5B,0.05404584916724716
BR2,Open season,Reserve,D,D,0A,0.47292088499425244
BR2,Open season,Reserve,D,D,0B,2.8901003365527145
BR2,Open season,Reserve,D,D,10A,0.17752744004708482
BR2,Open season,Reserve,D,D,10B,0.6653465179140001
BR2,Open season,Reserve,D,D,15A,0.03496100675423865
BR2,Open season,Reserve,D,D,15B,0.0021904343384615507
BR2,Open season,Reserve,D,D,20A,7.589040086638834e-4
BR2,Open season,Reserve,D,D,20B,5.954972422976378e-5
BR2,Open season,Reserve,D,D,5A,2.008467355025059
BR2,Open season,Reserve,D,D,5B,3.746332355567842
BR2,Open season,Reserve,D,E,0A,0.3936709632882271
BR2,Open season,Reserve,D,E,0B,2.4459333850923906
BR2,Open season,Reserve,D,E,10A,0.9337493748647299
BR2,Open season,Reserve,D,E,10B,0.08837930829771132
BR2,Open season,Reserve,D,E,15A,0.13993322808025394
BR2,Open season,Reserve,D,E,15B,0.47145236206740054
BR2,Open season,Reserve,D,E,20A,0.0011762895596964685
BR2,Open season,Reserve,D,E,20B,0.0036815977810040357
BR2,Open season,Reserve,D,E,5A,0.278323269695651
BR2,Open season,Reserve,D,E,5B,1.0090981209781782
BR3,Closed season,Reserve,A,A,0A,0.08739605396129436
BR3,Closed season,Reserve,A,A,0B,0.7097140635590989
BR3,Closed season,Reserve,A,A,10A,0.00831754950267899
BR3,Closed season,Reserve,A,A,10B,0.07823698023953218
BR3,Closed season,Reserve,A,A,15A,0.01534700522403233
BR3,Closed season,Reserve,A,A,15B,0.3445446169999404
BR3,Closed season,Reserve,A,A,20A,0.0012978519004864797
BR3,Closed season,Reserve,A,A,20B,0.010245296820052452
BR3,Closed season,Reserve,A,A,5A,0.24742695772250306
BR3,Closed season,Reserve,A,A,5B,1.003381239549288
BR3,Closed season,Reserve,A,B,0A,0.0010203066285491768
BR3,Closed season,Reserve,A,B,0B,6.051472793556511e-4
BR3,Closed season,Reserve,A,B,10A,0.014767619478028586
BR3,Closed season,Reserve,A,B,10B,0.015415550094286997
BR3,Closed season,Reserve,A,B,15A,0.6441044792082595
BR3,Closed season,Reserve,A,B,15B,7.694733039573604
BR3,Closed season,Reserve,A,B,20A,0.017628639480217274
BR3,Closed season,Reserve,A,B,20B,0.05787674146817484
BR3,Closed season,Reserve,A,B,5A,2.5398823834258937
BR3,Closed season,Reserve,A,B,5B,0.26947271381413973
BR3,Closed season,Reserve,A,C,0A,1.1887262162235685e-5
BR3,Closed season,Reserve,A,C,0B,1.929503766462259e-4
BR3,Closed season,Reserve,A,C,10A,0.04878478087122107
BR3,Closed season,Reserve,A,C,10B,0.9753584495034964
BR3,Closed season,Reserve,A,C,15A,0.05505953022906323
BR3,Closed season,Reserve,A,C,15B,1.155356697280541
BR3,Closed season,Reserve,A,C,20A,0.0035999402277195405
BR3,Closed season,Reserve,A,C,20B,0.023542831405966868
BR3,Closed season,Reserve,A,C,5A,0.003313904105450538
BR3,Closed season,Reserve,A,C,5B,0.022288146410101246
BR3,Closed season,Reserve,B,A,0A,0.479349074133967
BR3,Closed season,Reserve,B,A,0B,3.3779599621984477
BR3,Closed season,Reserve,B,A,10A,0.16365953562917687
BR3,Closed season,Reserve,B,A,10B,0.24835345357831895
BR3,Closed season,Reserve,B,A,15A,5.6486679451833055
BR3,Closed season,Reserve,B,A,15B,2.287786103236161
BR3,Closed season,Reserve,B,A,20A,0.037655071282186925
BR3,Closed season,Reserve,B,A,20B,0.11465754859372501
BR3,Closed season,Reserve,B,A,5A,1.941486284525588
BR3,Closed season,Reserve,B,A,5B,1.800810216161112
BR3,Closed season,Reserve,B,B,0A,0.0026520201883551793
BR3,Closed season,Reserve,B,B,0B,0.03924051838774183
BR3,Closed season,Reserve,B,B,10A,0.48196645306221647
BR3,Closed season,Reserve,B,B,10B,7.156492354008419
BR3,Closed season,Reserve,B,B,15A,1.233015995661424
BR3,Closed season,Reserve,B,B,15B,0.22418991126024793
BR3,Closed season,Reserve,B,B,20A,0.092044491188902
BR3,Closed season,Reserve,B,B,20B,0.5322920865137886
BR3,Closed season,Reserve,B,B,5A,0.0922336541340429
BR3,Closed season,Reserve,B,B,5B,0.9785102856175641
BR3,Closed season,Reserve,B,C,0A,0.020502933111185822
BR3,Closed season,Reserve,B,C,0B,0.3971744688511376
BR3,Closed season,Reserve,B,C,10A,8.24933501622035
BR3,Closed season,Reserve,B,C,10B,0.7605016110273316
BR3,Closed season,Reserve,B,C,15A,5.335456988710724
BR3,Closed season,Reserve,B,C,15B,2.2174962633251774
BR3,Closed season,Reserve,B,C,20A,0.052951233337321435
BR3,Closed season,Reserve,B,C,20B,0.1124408805534439
BR3,Closed season,Reserve,B,C,5A,0.027531021799372946
BR3,Closed season,Reserve,B,C,5B,0.027045455168195953
BR3,Closed season,Reserve,C,A,0A,0.3637176459346875
BR3,Closed season,Reserve,C,A,0B,0.08440185480018796
BR3,Closed season,Reserve,C,A,10A,1.0396936985515561
BR3,Closed season,Reserve,C,A,10B,2.7226417949560697
BR3,Closed season,Reserve,C,A,15A,4.415882490511723
BR3,Closed season,Reserve,C,A,15B,3.316897327305987
BR3,Closed season,Reserve,C,A,20A,0.33169235621070114
BR3,Closed season,Reserve,C,A,20B,0.05015789542229896
BR3,Closed season,Reserve,C,A,5A,2.2876223519290533
BR3,Closed season,Reserve,C,A,5B,1.1118012686075769
BR3,Closed season,Reserve,C,B,0A,2.887810086514079
BR3,Closed season,Reserve,C,B,0B,31.485426973405936
BR3,Closed season,Reserve,C,B,10A,6.4949345255606135
BR3,Closed season,Reserve,C,B,10B,0.9705321658546676
BR3,Closed season,Reserve,C,B,15A,1.0139923628596803
BR3,Closed season,Reserve,C,B,15B,2.454368703456286
BR3,Closed season,Reserve,C,B,20A,1.2525024715377937
BR3,Closed season,Reserve,C,B,20B,0.39905341897045266
BR3,Closed season,Reserve,C,B,5A,14.91509562527406
BR3,Closed season,Reserve,C,B,5B,16.56153970597384
BR3,Closed season,Reserve,C,C,0A,3.46486202401514
BR3,Closed season,Reserve,C,C,0B,3.9534081351666295
BR3,Closed season,Reserve,C,C,10A,3.876693456121816
BR3,Closed season,Reserve,C,C,10B,3.094930073698531
BR3,Closed season,Reserve,C,C,15A,2.7483469744736455
BR3,Closed season,Reserve,C,C,15B,0.47322411081099386
BR3,Closed season,Reserve,C,C,20A,0.09378169943168008
BR3,Closed season,Reserve,C,C,20B,0.6584681830164496
BR3,Closed season,Reserve,C,C,5A,1.2491370992459658
BR3,Closed season,Reserve,C,C,5B,9.883919175427204
BR3,Closed season,Reserve,D,A,0A,0.652894285718168
BR3,Closed season,Reserve,D,A,0B,6.207150782100048
BR3,Closed season,Reserve,D,A,10A,0.29375399365014454
BR3,Closed season,Reserve,D,A,10B,1.8795117779106283
BR3,Closed season,Reserve,D,A,15A,0.06719221174479481
BR3,Closed season,Reserve,D,A,15B,0.014975502814728894
BR3,Closed season,Reserve,D,A,20A,0.0032091064036760208
BR3,Closed season,Reserve,D,A,20B,3.1029192014620405e-4
BR3,Closed season,Reserve,D,A,5A,2.098645845033494
BR3,Closed season,Reserve,D,A,5B,0.47673528193151643
BR3,Closed season,Reserve,D,B,0A,4.79187874025216
BR3,Closed season,Reserve,D,B,0B,0.23138794077901456
BR3,Closed season,Reserve,D,B,10A,0.11896607296042191
BR3,Closed season,Reserve,D,B,10B,0.030939854095850077
BR3,Closed season,Reserve,D,B,15A,1.2732783934354654
BR3,Closed season,Reserve,D,B,15B,0.3525158519745173
BR3,Closed season,Reserve,D,B,20A,0.02422328349347792
BR3,Closed season,Reserve,D,B,20B,0.003576898118417007
BR3,Closed season,Reserve,D,B,5A,0.4797243447760887
BR3,Closed season,Reserve,D,B,5B,0.05502579324711896
BR3,Closed season,Reserve,D,C,0A,0.16290514681712231
BR3,Closed season,Reserve,D,C,0B,0.026308130609953417
BR3,Closed season,Reserve,D,C,10A,2.0181705709295277
BR3,Closed season,Reserve,D,C,10B,1.1149750107134933
BR3,Closed season,Reserve,D,C,15A,0.07136191290525994
BR3,Closed season,Reserve,D,C,15B,0.09944625416869823
BR3,Closed season,Reserve,D,C,20A,0.25590657571827785
BR3,Closed season,Reserve,D,C,20B,0.016436414149725208
BR3,Closed season,Reserve,D,C,5A,13.441675151109747
BR3,Closed season,Reserve,D,C,5B,0.8874026664870079
BR3,Open season,Reserve,A,D,0A,0.21394653765226623
BR3,Open season,Reserve,A,D,0B,0.016573475449552733
BR3,Open season,Reserve,A,D,10A,0.6345337670403551
BR3,Open season,Reserve,A,D,10B,9.515226610732993
BR3,Open season,Reserve,A,D,15A,0.07712488184018278
BR3,Open season,Reserve,A,D,15B,0.6744728364042867
BR3,Open season,Reserve,A,D,20A,0.0013574894879164307
BR3,Open season,Reserve,A,D,20B,0.0037663042549223656
BR3,Open season,Reserve,A,D,5A,0.01255996952173902
BR3,Open season,Reserve,A,D,5B,0.16797961776079465
BR3,Open season,Reserve,A,E,0A,0.8295782261869448
BR3,Open season,Reserve,A,E,0B,0.15907955656759365
BR3,Open season,Reserve,A,E,10A,0.20437038522712705
BR3,Open season,Reserve,A,E,10B,3.8990400018357936
BR3,Open season,Reserve,A,E,15A,0.08991104794621681
BR3,Open season,Reserve,A,E,15B,1.838480175049099
BR3,Open season,Reserve,A,E,20A,0.006350944298303079
BR3,Open season,Reserve,A,E,20B,0.04649226590691244
BR3,Open season,Reserve,A,E,5A,0.005551512926742626
BR3,Open season,Reserve,A,E,5B,0.009628829302322537
BR3,Open season,Reserve,B,D,0A,0.10886231805432889
BR3,Open season,Reserve,B,D,0B,0.3006101476789787
BR3,Open season,Reserve,B,D,10A,4.063350904961197
BR3,Open season,Reserve,B,D,10B,2.0326230740454707
BR3,Open season,Reserve,B,D,15A,0.06274839941529745
BR3,Open season,Reserve,B,D,15B,0.1629800675404045
BR3,Open season,Reserve,B,D,20A,0.058693933745082756
BR3,Open season,Reserve,B,D,20B,0.5511020662105518
BR3,Open season,Reserve,B,D,5A,3.094994646568879
BR3,Open season,Reserve,B,D,5B,2.066407622446226
BR3,Open season,Reserve,B,E,0A,0.06643988011065008
BR3,Open season,Reserve,B,E,0B,0.98000331542415
BR3,Open season,Reserve,B,E,10A,1.9743977901640604
BR3,Open season,Reserve,B,E,10B,1.3748431677731805
BR3,Open season,Reserve,B,E,15A,18.00129707602238
BR3,Open season,Reserve,B,E,15B,1.7884502018452877
BR3,Open season,Reserve,B,E,20A,0.1233285908508304
BR3,Open season,Reserve,B,E,20B,0.16790354261211493
BR3,Open season,Reserve,B,E,5A,0.19107278414617304
BR3,Open season,Reserve,B,E,5B,1.940370840748215
BR3,Open season,Reserve,C,D,0A,8.651713696777978
BR3,Open season,Reserve,C,D,0B,1.6298933509274403
BR3,Open season,Reserve,C,D,10A,1.688700061780387
BR3,Open season,Reserve,C,D,10B,0.9952083212337015
BR3,Open season,Reserve,C,D,15A,0.822879206101005
BR3,Open season,Reserve,C,D,15B,0.6549405574347132
BR3,Open season,Reserve,C,D,20A,0.19637890811204745
BR3,Open season,Reserve,C,D,20B,0.9740791915170929
BR3,Open season,Reserve,C,D,5A,0.668007920154348
BR3,Open season,Reserve,C,D,5B,1.2146301066972187
BR3,Open season,Reserve,C,E,0A,19.616875882390058
BR3,Open season,Reserve,C,E,0B,17.902260819495712
BR3,Open season,Reserve,C,E,10A,2.354950694387468
BR3,Open season,Reserve,C,E,10B,1.1763710399267102
BR3,Open season,Reserve,C,E,15A,2.838837975047674
BR3,Open season,Reserve,C,E,15B,4.127156108432518
BR3,Open season,Reserve,C,E,20A,0.32983928852552896
BR3,Open season,Reserve,C,E,20B,0.16654509623462274
BR3,Open season,Reserve,C,E,5A,6.204781856847979
BR3,Open season,Reserve,C,E,5B,1.8740623996745829
BR3,Open season,Reserve,D,D,0A,1.3188507058267782
BR3,Open season,Reserve,D,D,0B,0.10160013216109615
BR3,Open season,Reserve,D,D,10A,0.5004881732353552
BR3,Open season,Reserve,D,D,10B,0.04414188543487419
BR3,Open season,Reserve,D,D,15A,0.2334273164349102
BR3,Open season,Reserve,D,D,15B,0.03307766596755027
BR3,Open season,Reserve,D,D,20A,1.6328389130281422
BR3,Open season,Reserve,D,D,20B,0.1333047226478048
BR3,Open season,Reserve,D,D,5A,0.3665575810275169
BR3,Open season,Reserve,D,D,5B,0.05088868282306652
BR3,Open season,Reserve,D,E,0A,0.23325662088499438
BR3,Open season,Reserve,D,E,0B,0.010102596556424346
BR3,Open season,Reserve,D,E,10A,0.04665246732671614
BR3,Open season,Reserve,D,E,10B,0.006827175495150852
BR3,Open season,Reserve,D,E,15A,1.1377106650350755
BR3,Open season,Reserve,D,E,15B,0.12979820982994117
BR3,Open season,Reserve,D,E,20A,0.04450838361640778
BR3,Open season,Reserve,D,E,20B,0.004580865675508218
BR3,Open season,Reserve,D,E,5A,0.04328065579600634
BR3,Open season,Reserve,D,E,5B,0.0026391939857338003
CC1,Closed season,Off reserve,A,A,0A,0.001615149798344557
CC1,Closed season,Off reserve,A,A,0B,0.029634134511372014
CC1,Closed season,Off reserve,A,A,10A,0.3291312182061525
CC1,Closed season,Off reserve,A,A,10B,0.15197591771700536
CC1,Closed season,Off reserve,A,A,15A,0.006319621357864442
CC1,Closed season,Off reserve,A,A,15B,0.09999747082702608
CC1,Closed season,Off reserve,A,A,20A,5.596841665392873e-4
CC1,Closed season,Off reserve,A,A,20B,0.006409654486841394
CC1,Closed season,Off reserve,A,A,5A,0.0038153589189476203
CC1,Closed season,Off reserve,A,A,5B,0.07504114074040753
CC1,Closed season,Off reserve,A,B,0A,0.005401371386462054
CC1,Closed season,Off reserve,A,B,0B,0.024691137397013854
CC1,Closed season,Off reserve,A,B,10A,0.09985854404187655
CC1,Closed season,Off reserve,A,B,10B,0.14333514365121935
CC1,Closed season,Off reserve,A,B,15A,0.5908023636000455
CC1,Closed season,Off reserve,A,B,15B,10.620490382351717
CC1,Closed season,Off reserve,A,B,20A,0.02314874414761785
CC1,Closed season,Off reserve,A,B,20B,0.09352897258406886
CC1,Closed season,Off reserve,A,B,5A,0.03817562487726262
CC1,Closed season,Off reserve,A,B,5B,0.27238037064507126
CC1,Closed season,Off reserve,A,C,0A,0.0057572111596148594
CC1,Closed season,Off reserve,A,C,0B,0.024443008106400096
CC1,Closed season,Off reserve,A,C,10A,0.001708332837230286
CC1,Closed season,Off reserve,A,C,10B,0.02753705303117716
CC1,Closed season,Off reserve,A,C,15A,0.038853186702477206
CC1,Closed season,Off reserve,A,C,15B,0.7195682523457226
CC1,Closed season,Off reserve,A,C,20A,0.001590160671138728
CC1,Closed season,Off reserve,A,C,20B,0.006554852372811283
CC1,Closed season,Off reserve,A,C,5A,0.0317217157205745
CC1,Closed season,Off reserve,A,C,5B,0.2627091853102747
CC1,Closed season,Off reserve,B,A,0A,0.8261768635716532
CC1,Closed season,Off reserve,B,A,0B,0.10188632523329744
CC1,Closed season,Off reserve,B,A,10A,0.020115105782564844
CC1,Closed season,Off reserve,B,A,10B,0.0141232128696604
CC1,Closed season,Off reserve,B,A,15A,8.366796863186677
CC1,Closed season,Off reserve,B,A,15B,6.955928751314984
CC1,Closed season,Off reserve,B,A,20A,0.06669331025973223
CC1,Closed season,Off reserve,B,A,20B,0.06309894341897172
CC1,Closed season,Off reserve,B,A,5A,2.7748388765685013
CC1,Closed season,Off reserve,B,A,5B,0.7832898981341966
CC1,Closed season,Off reserve,B,B,0A,0.0167194939659498
CC1,Closed season,Off reserve,B,B,0B,0.0034681344361501805
CC1,Closed season,Off reserve,B,B,10A,1.4441867474626375
CC1,Closed season,Off reserve,B,B,10B,0.7695245484737477
CC1,Closed season,Off reserve,B,B,15A,3.043720414591987
CC1,Closed season,Off reserve,B,B,15B,0.18631156683101216
CC1,Closed season,Off reserve,B,B,20A,0.058334124354386153
CC1,Closed season,Off reserve,B,B,20B,0.020075240499005137
CC1,Closed season,Off reserve,B,B,5A,1.1743652460461658
CC1,Closed season,Off reserve,B,B,5B,1.7143957757012402
CC1,Closed season,Off reserve,B,C,0A,0.02381941777680904
CC1,Closed season,Off reserve,B,C,0B,0.00678636284576821
CC1,Closed season,Off reserve,B,C,10A,0.4762673633170877
CC1,Closed season,Off reserve,B,C,10B,0.57355405991912
CC1,Closed season,Off reserve,B,C,15A,0.3760776781855976
CC1,Closed season,Off reserve,B,C,15B,3.6413301372210536
CC1,Closed season,Off reserve,B,C,20A,0.013977613756978029
CC1,Closed season,Off reserve,B,C,20B,0.057480697655697674
CC1,Closed season,Off reserve,B,C,5A,0.333404884559223
CC1,Closed season,Off reserve,B,C,5B,0.6985518542783855
CC1,Closed season,Off reserve,C,A,0A,0.0014212478226775722
CC1,Closed season,Off reserve,C,A,0B,7.52265967016985e-5
CC1,Closed season,Off reserve,C,A,10A,0.0022171352400577847
CC1,Closed season,Off reserve,C,A,10B,0.019905091747667112
CC1,Closed season,Off reserve,C,A,15A,0.07837700706474449
CC1,Closed season,Off reserve,C,A,15B,0.007644110151853146
CC1,Closed season,Off reserve,C,A,20A,0.006544064752607384
CC1,Closed season,Off reserve,C,A,20B,0.01979670150940212
CC1,Closed season,Off reserve,C,A,5A,0.008623806643114424
CC1,Closed season,Off reserve,C,A,5B,4.948898938447276e-4
CC1,Closed season,Off reserve,C,B,0A,4.402960105560051e-4
CC1,Closed season,Off reserve,C,B,0B,8.994075193692548e-5
CC1,Closed season,Off reserve,C,B,10A,0.023515025900539187
CC1,Closed season,Off reserve,C,B,10B,0.011799244972813913
CC1,Closed season,Off reserve,C,B,15A,2.5019106735555203
CC1,Closed season,Off reserve,C,B,15B,0.8958873802283889
CC1,Closed season,Off reserve,C,B,20A,0.23832627808205745
CC1,Closed season,Off reserve,C,B,20B,0.32663978945724914
CC1,Closed season,Off reserve,C,B,5A,0.22197740100178312
CC1,Closed season,Off reserve,C,B,5B,0.010901747989822689
CC1,Closed season,Off reserve,C,C,0A,5.332567029848257e-4
CC1,Closed season,Off reserve,C,C,0B,1.1065833553254303e-4
CC1,Closed season,Off reserve,C,C,10A,0.2256188033989205
CC1,Closed season,Off reserve,C,C,10B,0.3806850504317663
CC1,Closed season,Off reserve,C,C,15A,6.341315184082882
CC1,Closed season,Off reserve,C,C,15B,0.393780506273006
CC1,Closed season,Off reserve,C,C,20A,0.08908728387683969
CC1,Closed season,Off reserve,C,C,20B,0.15151385306769125
CC1,Closed season,Off reserve,C,C,5A,0.31290762401802563
CC1,Closed season,Off reserve,C,C,5B,0.019431322567696693
CC1,Closed season,Off reserve,D,A,0A,1.1104947914697417e-6
CC1,Closed season,Off reserve,D,A,0B,3.166368537543818e-7
CC1,Closed season,Off reserve,D,A,10A,0.9682945028236093
CC1,Closed season,Off reserve,D,A,10B,1.2714414413649526
CC1,Closed season,Off reserve,D,A,15A,0.023556953426382695
CC1,Closed season,Off reserve,D,A,15B,0.027621252696568278
CC1,Closed season,Off reserve,D,A,20A,0.15267380687830015
CC1,Closed season,Off reserve,D,A,20B,0.2030945213232628
CC1,Closed season,Off reserve,D,A,5A,6.89977620340221e-4
CC1,Closed season,Off reserve,D,A,5B,7.189404913385998e-4
CC1,Closed season,Off reserve,D,B,0A,3.6301800613047773e-6
CC1,Closed season,Off reserve,D,B,0B,4.7106760389326044e-7
CC1,Closed season,Off reserve,D,B,10A,0.5885540881397457
CC1,Closed season,Off reserve,D,B,10B,1.0381987329939306
CC1,Closed season,Off reserve,D,B,15A,1.6811902770942144
CC1,Closed season,Off reserve,D,B,15B,1.6586027888520036
CC1,Closed season,Off reserve,D,B,20A,1.7518111071112292
CC1,Closed season,Off reserve,D,B,20B,0.5146812921182318
CC1,Closed season,Off reserve,D,B,5A,5.517528358545131e-4
CC1,Closed season,Off reserve,D,B,5B,5.560074505628034e-4
CC1,Closed season,Off reserve,D,C,0A,4.898503179902036e-6
CC1,Closed season,Off reserve,D,C,0B,4.3812258370135017e-7
CC1,Closed season,Off reserve,D,C,10A,0.10262457815279173
CC1,Closed season,Off reserve,D,C,10B,0.00503487145368323
CC1,Closed season,Off reserve,D,C,15A,1.4329741759167984
CC1,Closed season,Off reserve,D,C,15B,0.12089137770591146
CC1,Closed season,Off reserve,D,C,20A,0.024406970580947807
CC1,Closed season,Off reserve,D,C,20B,0.003894476204861888
CC1,Closed season,Off reserve,D,C,5A,0.00042742502305243225
CC1,Closed season,Off reserve,D,C,5B,5.546748301066716e-5
CC1,Open season,Off reserve,A,D,0A,0.022663739422724358
CC1,Open season,Off reserve,A,D,0B,0.03611871771461806
CC1,Open season,Off reserve,A,D,10A,4.5614212109694745e-4
CC1,Open season,Off reserve,A,D,10B,0.003373367925571782
CC1,Open season,Off reserve,A,D,15A,0.391158390374939
CC1,Open season,Off reserve,A,D,15B,0.0911718918673343
CC1,Open season,Off reserve,A,D,20A,0.0021264852326845405
CC1,Open season,Off reserve,A,D,20B,0.001964696420779033
CC1,Open season,Off reserve,A,D,5A,0.21044625990732418
CC1,Open season,Off reserve,A,D,5B,0.37152365831999706
CC1,Open season,Off reserve,A,E,0A,3.143751522194371e-6
CC1,Open season,Off reserve,A,E,0B,3.235671318910781e-5
CC1,Open season,Off reserve,A,E,10A,1.91141975695075e-5
CC1,Open season,Off reserve,A,E,10B,3.149321058760268e-4
CC1,Open season,Off reserve,A,E,15A,9.193625221288758e-6
CC1,Open season,Off reserve,A,E,15B,2.1950867314015195e-4
CC1,Open season,Off reserve,A,E,20A,2.284882207406191e-6
CC1,Open season,Off reserve,A,E,20B,3.998836295275863e-5
CC1,Open season,Off reserve,A,E,5A,7.606060089589748e-5
CC1,Open season,Off reserve,A,E,5B,0.0018049638330362018
CC1,Open season,Off reserve,B,D,0A,0.11431827119715234
CC1,Open season,Off reserve,B,D,0B,0.6557881690332736
CC1,Open season,Off reserve,B,D,10A,0.16643947488607738
CC1,Open season,Off reserve,B,D,10B,0.33780290492958875
CC1,Open season,Off reserve,B,D,15A,0.014266164330084442
CC1,Open season,Off reserve,B,D,15B,0.08211085069843076
CC1,Open season,Off reserve,B,D,20A,0.05824226743043329
CC1,Open season,Off reserve,B,D,20B,0.7312336703583199
CC1,Open season,Off reserve,B,D,5A,0.08382952506749623
CC1,Open season,Off reserve,B,D,5B,0.038524625336050757
CC1,Open season,Off reserve,B,E,0A,4.046391796752279e-4
CC1,Open season,Off reserve,B,E,0B,7.546365058816957e-4
CC1,Open season,Off reserve,B,E,10A,0.015340881359885558
CC1,Open season,Off reserve,B,E,10B,0.14650472799923508
CC1,Open season,Off reserve,B,E,15A,0.025261708572367897
CC1,Open season,Off reserve,B,E,15B,0.5588005997509932
CC1,Open season,Off reserve,B,E,20A,0.0019335873897923196
CC1,Open season,Off reserve,B,E,20B,0.013884791303542627
CC1,Open season,Off reserve,B,E,5A,0.1882333814868646
CC1,Open season,Off reserve,B,E,5B,1.8632851491681763
CC1,Open season,Off reserve,C,D,0A,0.01313108081525556
CC1,Open season,Off reserve,C,D,0B,5.729343835673983e-4
CC1,Open season,Off reserve,C,D,10A,0.2022753290860713
CC1,Open season,Off reserve,C,D,10B,0.031041660859774528
CC1,Open season,Off reserve,C,D,15A,0.07352222713875439
CC1,Open season,Off reserve,C,D,15B,0.034063523685531887
CC1,Open season,Off reserve,C,D,20A,0.5608896736805269
CC1,Open season,Off reserve,C,D,20B,0.3417420790903052
CC1,Open season,Off reserve,C,D,5A,0.019225393159382542
CC1,Open season,Off reserve,C,D,5B,0.00527462347396128
CC1,Open season,Off reserve,C,E,0A,4.2802867835063814e-4
CC1,Open season,Off reserve,C,E,0B,3.5557434680913343e-4
CC1,Open season,Off reserve,C,E,10A,0.2631836730172744
CC1,Open season,Off reserve,C,E,10B,0.05191339613471971
CC1,Open season,Off reserve,C,E,15A,4.889787382052439
CC1,Open season,Off reserve,C,E,15B,0.2999316674710464
CC1,Open season,Off reserve,C,E,20A,0.03254293132080615
CC1,Open season,Off reserve,C,E,20B,0.010064776752955988
CC1,Open season,Off reserve,C,E,5A,0.16641651687064257
CC1,Open season,Off reserve,C,E,5B,0.7947695777636065
CC1,Open season,Off reserve,D,D,0A,5.34382185287452e-6
CC1,Open season,Off reserve,D,D,0B,2.696201873453319e-7
CC1,Open season,Off reserve,D,D,10A,4.0673063852478383e-4
CC1,Open season,Off reserve,D,D,10B,1.943556962614502e-5
CC1,Open season,Off reserve,D,D,15A,0.004774255814601368
CC1,Open season,Off reserve,D,D,15B,4.166917224033728e-4
CC1,Open season,Off reserve,D,D,20A,0.023774719442997274
CC1,Open season,Off reserve,D,D,20B,0.0012813043858393468
CC1,Open season,Off reserve,D,D,5A,1.4224882588026236e-4
CC1,Open season,Off reserve,D,D,5B,8.25985695263487e-6
CC1,Open season,Off reserve,D,E,0A,1.0110929544573817e-4
CC1,Open season,Off reserve,D,E,0B,1.6512359007228033e-5
CC1,Open season,Off reserve,D,E,10A,0.005404976359577333
CC1,Open season,Off reserve,D,E,10B,0.023475168688291328
CC1,Open season,Off reserve,D,E,15A,0.2824078236701934
CC1,Open season,Off reserve,D,E,15B,0.922261396865394
CC1,Open season,Off reserve,D,E,20A,0.0036372964580112382
CC1,Open season,Off reserve,D,E,20B,0.006159609107991498
CC1,Open season,Off reserve,D,E,5A,0.022698831959864385
CC1,Open season,Off reserve,D,E,5B,0.0010062619471348803
CC2,Closed season,Off reserve,A,A,0A,3.60733396709234e-5
CC2,Closed season,Off reserve,A,A,0B,4.62828387238865e-4
CC2,Closed season,Off reserve,A,A,10A,1.828767895392636e-4
CC2,Closed season,Off reserve,A,A,10B,0.0016988596696298336
CC2,Closed season,Off reserve,A,A,15A,1.1869282430808426e-4
CC2,Closed season,Off reserve,A,A,15B,0.002454323726475085
CC2,Closed season,Off reserve,A,A,20A,8.017852747874695e-6
CC2,Closed season,Off reserve,A,A,20B,1.57469768015317e-4
CC2,Closed season,Off reserve,A,A,5A,0.0017013276981717952
CC2,Closed season,Off reserve,A,A,5B,0.038001535290900175
CC2,Closed season,Off reserve,A,B,0A,1.6841786451715634e-6
CC2,Closed season,Off reserve,A,B,0B,6.859326919497197e-6
CC2,Closed season,Off reserve,A,B,10A,0.0021482335059968436
CC2,Closed season,Off reserve,A,B,10B,0.03864765290421666
CC2,Closed season,Off reserve,A,B,15A,2.597252323344623e-5
CC2,Closed season,Off reserve,A,B,15B,3.178570197631547e-4
CC2,Closed season,Off reserve,A,B,20A,1.2240368271214667e-5
CC2,Closed season,Off reserve,A,B,20B,2.667035999880075e-4
CC2,Closed season,Off reserve,A,B,5A,6.66749808493612e-4
CC2,Closed season,Off reserve,A,B,5B,0.007125778766304642
CC2,Closed season,Off reserve,A,C,0A,6.354952187965778e-6
CC2,Closed season,Off reserve,A,C,0B,1.0964346024647129e-4
CC2,Closed season,Off reserve,A,C,10A,0.02453414153906285
CC2,Closed season,Off reserve,A,C,10B,0.5287014699546954
CC2,Closed season,Off reserve,A,C,15A,0.010875322251753309
CC2,Closed season,Off reserve,A,C,15B,0.02800162625219741
CC2,Closed season,Off reserve,A,C,20A,0.07418893788897923
CC2,Closed season,Off reserve,A,C,20B,0.1836045863331952
CC2,Closed season,Off reserve,A,C,5A,2.6077227175127506e-4
CC2,Closed season,Off reserve,A,C,5B,0.0016254444191336908
CC2,Closed season,Off reserve,B,A,0A,0.03889228760548081
CC2,Closed season,Off reserve,B,A,0B,0.6047918615508124
CC2,Closed season,Off reserve,B,A,10A,0.014160566027711667
CC2,Closed season,Off reserve,B,A,10B,0.019749156372645824
CC2,Closed season,Off reserve,B,A,15A,0.1161658187315047
CC2,Closed season,Off reserve,B,A,15B,0.2249279956275941
CC2,Closed season,Off reserve,B,A,20A,0.013919200062839946
CC2,Closed season,Off reserve,B,A,20B,0.209684163356776
CC2,Closed season,Off reserve,B,A,5A,0.48281872025572514
CC2,Closed season,Off reserve,B,A,5B,0.03553873986614417
CC2,Closed season,Off reserve,B,B,0A,6.552693543389055e-5
CC2,Closed season,Off reserve,B,B,0B,6.559070998187796e-4
CC2,Closed season,Off reserve,B,B,10A,0.3809693064388353
CC2,Closed season,Off reserve,B,B,10B,0.35785481153105
CC2,Closed season,Off reserve,B,B,15A,0.021022825994480833
CC2,Closed season,Off reserve,B,B,15B,0.32438841615645053
CC2,Closed season,Off reserve,B,B,20A,0.022206829049479963
CC2,Closed season,Off reserve,B,B,20B,0.23388695649662491
CC2,Closed season,Off reserve,B,B,5A,0.031950093650974065
CC2,Closed season,Off reserve,B,B,5B,0.03141067446634853
CC2,Closed season,Off reserve,B,C,0A,0.005117022599637242
CC2,Closed season,Off reserve,B,C,0B,0.04106998354598792
CC2,Closed season,Off reserve,B,C,10A,1.9410862116834997
CC2,Closed season,Off reserve,B,C,10B,1.2582765706358654
CC2,Closed season,Off reserve,B,C,15A,0.23364511796917492
CC2,Closed season,Off reserve,B,C,15B,0.7718152420367017
CC2,Closed season,Off reserve,B,C,20A,0.0641072939540016
CC2,Closed season,Off reserve,B,C,20B,0.4188829519150554
CC2,Closed season,Off reserve,B,C,5A,0.03858657715048915
CC2,Closed season,Off reserve,B,C,5B,0.2387385546956357
CC2,Closed season,Off reserve,C,A,0A,0.057138001397440755
CC2,Closed season,Off reserve,C,A,0B,0.07384469750538003
CC2,Closed season,Off reserve,C,A,10A,0.6316075260019121
CC2,Closed season,Off reserve,C,A,10B,1.0014855670419114
CC2,Closed season,Off reserve,C,A,15A,0.4282726994607455
CC2,Closed season,Off reserve,C,A,15B,0.1702206505763421
CC2,Closed season,Off reserve,C,A,20A,0.5916893727270329
CC2,Closed season,Off reserve,C,A,20B,0.062104116927013266
CC2,Closed season,Off reserve,C,A,5A,0.002493299773555076
CC2,Closed season,Off reserve,C,A,5B,0.0022750050822709024
CC2,Closed season,Off reserve,C,B,0A,0.010320147129752046
CC2,Closed season,Off reserve,C,B,0B,0.01313694198112687
CC2,Closed season,Off reserve,C,B,10A,1.591315804941029
CC2,Closed season,Off reserve,C,B,10B,0.12433670472492304
CC2,Closed season,Off reserve,C,B,15A,0.9684627010279262
CC2,Closed season,Off reserve,C,B,15B,0.30203774238159997
CC2,Closed season,Off reserve,C,B,20A,0.17686858800127722
CC2,Closed season,Off reserve,C,B,20B,0.017736490082820775
CC2,Closed season,Off reserve,C,B,5A,1.9539856215240785
CC2,Closed season,Off reserve,C,B,5B,4.140284433613224
CC2,Closed season,Off reserve,C,C,0A,1.685635874156401
CC2,Closed season,Off reserve,C,C,0B,0.5174315278876802
CC2,Closed season,Off reserve,C,C,10A,2.1779420383459986
CC2,Closed season,Off reserve,C,C,10B,0.11992775702517618
CC2,Closed season,Off reserve,C,C,15A,0.589813156925605
CC2,Closed season,Off reserve,C,C,15B,0.785177537963626
CC2,Closed season,Off reserve,C,C,20A,0.06078378921042899
CC2,Closed season,Off reserve,C,C,20B,0.008607379769660705
CC2,Closed season,Off reserve,C,C,5A,0.08881263333008296
CC2,Closed season,Off reserve,C,C,5B,0.3788236723982036
CC2,Closed season,Off reserve,D,A,0A,0.3243824473127197
CC2,Closed season,Off reserve,D,A,0B,0.017888809776359153
CC2,Closed season,Off reserve,D,A,10A,0.013113116821204817
CC2,Closed season,Off reserve,D,A,10B,5.830678181837043e-4
CC2,Closed season,Off reserve,D,A,15A,0.004345125728241718
CC2,Closed season,Off reserve,D,A,15B,2.432101328644887e-4
CC2,Closed season,Off reserve,D,A,20A,7.576120237689609e-4
CC2,Closed season,Off reserve,D,A,20B,3.5717947011284506e-5
CC2,Closed season,Off reserve,D,A,5A,0.0027615526737465672
CC2,Closed season,Off reserve,D,A,5B,7.076105684183133e-4
CC2,Closed season,Off reserve,D,B,0A,0.001233662411138084
CC2,Closed season,Off reserve,D,B,0B,1.1418260060134685e-4
CC2,Closed season,Off reserve,D,B,10A,0.0044060255877055535
CC2,Closed season,Off reserve,D,B,10B,3.554449405648574e-4
CC2,Closed season,Off reserve,D,B,15A,0.003946427978553646
CC2,Closed season,Off reserve,D,B,15B,1.7918974778003975e-4
CC2,Closed season,Off reserve,D,B,20A,3.501157703084479e-4
CC2,Closed season,Off reserve,D,B,20B,2.2117563072781006e-5
CC2,Closed season,Off reserve,D,B,5A,0.057105401385129
CC2,Closed season,Off reserve,D,B,5B,0.0024653534408397124
CC2,Closed season,Off reserve,D,C,0A,0.025508691604707548
CC2,Closed season,Off reserve,D,C,0B,0.0026755776731009367
CC2,Closed season,Off reserve,D,C,10A,0.0013635551566167949
CC2,Closed season,Off reserve,D,C,10B,1.102594915673327e-4
CC2,Closed season,Off reserve,D,C,15A,0.043783145976904095
CC2,Closed season,Off reserve,D,C,15B,0.0019486384343985726
CC2,Closed season,Off reserve,D,C,20A,0.0013832136316742055
CC2,Closed season,Off reserve,D,C,20B,1.689200165318683e-4
CC2,Closed season,Off reserve,D,C,5A,0.14442795141852846
CC2,Closed season,Off reserve,D,C,5B,0.009246740231562647
CC2,Open season,Off reserve,A,E,0A,4.956833876690325e-10
CC2,Open season,Off reserve,A,E,0B,1.1018505823301439e-8
CC2,Open season,Off reserve,A,E,10A,1.4779108322482401e-6
CC2,Open season,Off reserve,A,E,10B,2.876751986397695e-5
CC2,Open season,Off reserve,A,E,15A,2.859289717287439e-6
CC2,Open season,Off reserve,A,E,15B,6.571244304960815e-5
CC2,Open season,Off reserve,A,E,20A,1.1478302689216231e-7
CC2,Open season,Off reserve,A,E,20B,1.3652986518941646e-6
CC2,Open season,Off reserve,A,E,5A,2.3568504956550388e-8
CC2,Open season,Off reserve,A,E,5B,2.2577301541204518e-7
CC2,Open season,Off reserve,B,E,0A,1.292056537818276e-6
CC2,Open season,Off reserve,B,E,0B,3.1246614898194915e-5
CC2,Open season,Off reserve,B,E,10A,0.0017722921848103152
CC2,Open season,Off reserve,B,E,10B,0.01566579162722735
CC2,Open season,Off reserve,B,E,15A,0.006425425691413355
CC2,Open season,Off reserve,B,E,15B,0.10302050655480487
CC2,Open season,Off reserve,B,E,20A,2.989219851421422e-5
CC2,Open season,Off reserve,B,E,20B,1.1947621029232185e-4
CC2,Open season,Off reserve,B,E,5A,3.6552815311363672e-6
CC2,Open season,Off reserve,B,E,5B,1.618156752839716e-5
CC2,Open season,Off reserve,C,E,0A,0.0036006880068435126
CC2,Open season,Off reserve,C,E,0B,0.07759857440777164
CC2,Open season,Off reserve,C,E,10A,0.046355802793898386
CC2,Open season,Off reserve,C,E,10B,0.021288915603745018
CC2,Open season,Off reserve,C,E,15A,0.47662222568768386
CC2,Open season,Off reserve,C,E,15B,0.17900522417304984
CC2,Open season,Off reserve,C,E,20A,2.3348563557132004e-4
CC2,Open season,Off reserve,C,E,20B,1.4102898174674474e-4
CC2,Open season,Off reserve,C,E,5A,2.559318235621034e-4
CC2,Open season,Off reserve,C,E,5B,0.0014923114986235035
CC2,Open season,Off reserve,D,E,0A,0.2689040011269498
CC2,Open season,Off reserve,D,E,0B,0.014405499685898996
CC2,Open season,Off reserve,D,E,10A,0.0010081879106616668
CC2,Open season,Off reserve,D,E,10B,6.753650359065056e-5
CC2,Open season,Off reserve,D,E,15A,0.0035278751978589356
CC2,Open season,Off reserve,D,E,15B,1.6883510137179582e-4
CC2,Open season,Off reserve,D,E,20A,1.876184188271069e-5
CC2,Open season,Off reserve,D,E,20B,2.5033587203715512e-6
CC2,Open season,Off reserve,D,E,5A,0.0024006598172256594
CC2,Open season,Off reserve,D,E,5B,5.935635020812535e-4
CC4,Closed season,Off reserve,A,A,0A,0.6483186798232065
CC4,Closed season,Off reserve,A,A,0B,0.04147350697838706
CC4,Closed season,Off reserve,A,A,10A,8.449990661523057e-4
CC4,Closed season,Off reserve,A,A,10B,0.002495654411993487
CC4,Closed season,Off reserve,A,A,15A,1.118922440591489
CC4,Closed season,Off reserve,A,A,15B,0.06277035047025652
CC4,Closed season,Off reserve,A,A,20A,0.008759704270692757
CC4,Closed season,Off reserve,A,A,20B,0.002359100307843587
CC4,Closed season,Off reserve,A,A,5A,0.0040399050981729315
CC4,Closed season,Off reserve,A,A,5B,0.00187931699632482
CC4,Closed season,Off reserve,A,B,0A,0.9476066851184428
CC4,Closed season,Off reserve,A,B,0B,0.144508533693677
CC4,Closed season,Off reserve,A,B,10A,1.6821998290499352e-5
CC4,Closed season,Off reserve,A,B,10B,1.8477822122959797e-5
CC4,Closed season,Off reserve,A,B,15A,0.025250747594412513
CC4,Closed season,Off reserve,A,B,15B,0.014534459308726025
CC4,Closed season,Off reserve,A,B,20A,0.21293250077296033
CC4,Closed season,Off reserve,A,B,20B,0.07650952162870499
CC4,Closed season,Off reserve,A,B,5A,0.006656144240270419
CC4,Closed season,Off reserve,A,B,5B,0.0027450911374555264
CC4,Closed season,Off reserve,A,C,0A,3.1711164790185534e-4
CC4,Closed season,Off reserve,A,C,0B,0.007408744345607825
CC4,Closed season,Off reserve,A,C,10A,2.647448406647879e-4
CC4,Closed season,Off reserve,A,C,10B,0.005055209214730655
CC4,Closed season,Off reserve,A,C,15A,0.011640509188922246
CC4,Closed season,Off reserve,A,C,15B,0.011326828048789225
CC4,Closed season,Off reserve,A,C,20A,0.0972179383052312
CC4,Closed season,Off reserve,A,C,20B,0.007976232989385448
CC4,Closed season,Off reserve,A,C,5A,1.304539922010539e-4
CC4,Closed season,Off reserve,A,C,5B,0.0016561927054618987
CC4,Closed season,Off reserve,B,A,0A,5.565478530357426e-4
CC4,Closed season,Off reserve,B,A,0B,0.004188500361827368
CC4,Closed season,Off reserve,B,A,10A,0.09605738373451986
CC4,Closed season,Off reserve,B,A,10B,0.08882232861196906
CC4,Closed season,Off reserve,B,A,15A,0.0019286125554165332
CC4,Closed season,Off reserve,B,A,15B,0.023199674850907123
CC4,Closed season,Off reserve,B,A,20A,8.270749616400064e-5
CC4,Closed season,Off reserve,B,A,20B,3.9191725461877886e-5
CC4,Closed season,Off reserve,B,A,5A,0.009363584191092103
CC4,Closed season,Off reserve,B,A,5B,0.009095683319015146
CC4,Closed season,Off reserve,B,B,0A,0.00144138434958701
CC4,Closed season,Off reserve,B,B,0B,2.067701278791656e-4
CC4,Closed season,Off reserve,B,B,10A,1.966508802151123e-4
CC4,Closed season,Off reserve,B,B,10B,0.0014012799207366112
CC4,Closed season,Off reserve,B,B,15A,0.04170048136551139
CC4,Closed season,Off reserve,B,B,15B,0.011674963290594208
CC4,Closed season,Off reserve,B,B,20A,0.4861650842140595
CC4,Closed season,Off reserve,B,B,20B,0.067257237015443
CC4,Closed season,Off reserve,B,B,5A,0.002305531569597012
CC4,Closed season,Off reserve,B,B,5B,0.04865834906873219
CC4,Closed season,Off reserve,B,C,0A,0.5464410728423409
CC4,Closed season,Off reserve,B,C,0B,1.6440981812300852
CC4,Closed season,Off reserve,B,C,10A,0.15568820745820247
CC4,Closed season,Off reserve,B,C,10B,0.08439460986531327
CC4,Closed season,Off reserve,B,C,15A,0.681212379337852
CC4,Closed season,Off reserve,B,C,15B,0.8958005631286212
CC4,Closed season,Off reserve,B,C,20A,0.005344733276476166
CC4,Closed season,Off reserve,B,C,20B,0.009542557725643375
CC4,Closed season,Off reserve,B,C,5A,0.01948827965427075
CC4,Closed season,Off reserve,B,C,5B,0.024855553271351565
CC4,Closed season,Off reserve,C,A,0A,0.43891182696879766
CC4,Closed season,Off reserve,C,A,0B,4.081852239263215
CC4,Closed season,Off reserve,C,A,10A,0.016629407158233547
CC4,Closed season,Off reserve,C,A,10B,0.0065290052908013405
CC4,Closed season,Off reserve,C,A,15A,0.17017270162647355
CC4,Closed season,Off reserve,C,A,15B,0.022539468391405956
CC4,Closed season,Off reserve,C,A,20A,6.884180935430081e-5
CC4,Closed season,Off reserve,C,A,20B,3.397337174138038e-5
CC4,Closed season,Off reserve,C,A,5A,0.009733579304067238
CC4,Closed season,Off reserve,C,A,5B,0.020729299084899032
CC4,Closed season,Off reserve,C,B,0A,3.2695058641800216e-4
CC4,Closed season,Off reserve,C,B,0B,1.4561927029455908e-4
CC4,Closed season,Off reserve,C,B,10A,0.004002894487193136
CC4,Closed season,Off reserve,C,B,10B,0.001369856386949712
CC4,Closed season,Off reserve,C,B,15A,3.0810347989607123e-4
CC4,Closed season,Off reserve,C,B,15B,8.109144902737507e-5
CC4,Closed season,Off reserve,C,B,20A,8.540801469212855e-4
CC4,Closed season,Off reserve,C,B,20B,2.0271716093230645e-4
CC4,Closed season,Off reserve,C,B,5A,0.6937284023346683
CC4,Closed season,Off reserve,C,B,5B,0.047191422523928994
CC4,Closed season,Off reserve,C,C,0A,0.5490183466282937
CC4,Closed season,Off reserve,C,C,0B,0.02587033031986764
CC4,Closed season,Off reserve,C,C,10A,0.22981522253502382
CC4,Closed season,Off reserve,C,C,10B,0.6860661151038648
CC4,Closed season,Off reserve,C,C,15A,0.4310040095469056
CC4,Closed season,Off reserve,C,C,15B,0.026272260657888423
CC4,Closed season,Off reserve,C,C,20A,0.005736935252408268
CC4,Closed season,Off reserve,C,C,20B,0.0010151850430670263
CC4,Closed season,Off reserve,C,C,5A,0.010434723950446794
CC4,Closed season,Off reserve,C,C,5B,0.002064582757803252
CC4,Closed season,Off reserve,D,A,0A,0.11678861341661068
CC4,Closed season,Off reserve,D,A,0B,0.005114585334626209
CC4,Closed season,Off reserve,D,A,10A,0.131876950354221
CC4,Closed season,Off reserve,D,A,10B,0.3199717412812351
CC4,Closed season,Off reserve,D,A,15A,3.7633247509955215e-4
CC4,Closed season,Off reserve,D,A,15B,1.4634084630414703e-4
CC4,Closed season,Off reserve,D,A,20A,2.9476781265058708e-6
CC4,Closed season,Off reserve,D,A,20B,3.583017086272732e-7
CC4,Closed season,Off reserve,D,A,5A,0.02008514745521671
CC4,Closed season,Off reserve,D,A,5B,0.028712005584587984
CC4,Closed season,Off reserve,D,B,0A,9.609393228000582e-6
CC4,Closed season,Off reserve,D,B,0B,8.709954740249166e-7
CC4,Closed season,Off reserve,D,B,10A,5.409586853350135e-5
CC4,Closed season,Off reserve,D,B,10B,9.116058808440465e-6
CC4,Closed season,Off reserve,D,B,15A,0.002851608239680368
CC4,Closed season,Off reserve,D,B,15B,0.013835129425906595
CC4,Closed season,Off reserve,D,B,20A,0.014151310219980505
CC4,Closed season,Off reserve,D,B,20B,0.1434898616393475
CC4,Closed season,Off reserve,D,B,5A,4.330833459450067e-4
CC4,Closed season,Off reserve,D,B,5B,1.804428747294029e-5
CC4,Closed season,Off reserve,D,C,0A,0.01535721820441732
CC4,Closed season,Off reserve,D,C,0B,0.2833200759253005
CC4,Closed season,Off reserve,D,C,10A,0.0098658158977725
CC4,Closed season,Off reserve,D,C,10B,4.810502694992813e-4
CC4,Closed season,Off reserve,D,C,15A,7.318929392123642e-4
CC4,Closed season,Off reserve,D,C,15B,5.888982397621586e-5
CC4,Closed season,Off reserve,D,C,20A,2.5495888348836528e-5
CC4,Closed season,Off reserve,D,C,20B,1.6480203424196204e-6
CC4,Closed season,Off reserve,D,C,5A,0.007409945341325317
CC4,Closed season,Off reserve,D,C,5B,0.08983026985587463
CC4,Open season,Off reserve,A,E,0A,2.7980632033575156e-10
CC4,Open season,Off reserve,A,E,0B,2.0824326263380054e-9
CC4,Open season,Off reserve,A,E,10A,5.445003943682635e-7
CC4,Open season,Off reserve,A,E,10B,1.3223255708938457e-5
CC4,Open season,Off reserve,A,E,15A,1.4430248884700347e-7
CC4,Open season,Off reserve,A,E,15B,2.5770220609455666e-6
CC4,Open season,Off reserve,A,E,20A,1.7084811076983899e-9
CC4,Open season,Off reserve,A,E,20B,1.538016067836879e-8
CC4,Open season,Off reserve,A,E,5A,4.561488246679346e-8
CC4,Open season,Off reserve,A,E,5B,6.544644864669989e-7
CC4,Open season,Off reserve,B,E,0A,2.228877919563388e-8
CC4,Open season,Off reserve,B,E,0B,6.17309168982061e-8
CC4,Open season,Off reserve,B,E,10A,0.0015435102641957335
CC4,Open season,Off reserve,B,E,10B,0.03477762438275686
CC4,Open season,Off reserve,B,E,15A,1.3335860906480419e-4
CC4,Open season,Off reserve,B,E,15B,0.0010651951450600804
CC4,Open season,Off reserve,B,E,20A,2.1952342931008663e-7
CC4,Open season,Off reserve,B,E,20B,7.085273431117754e-7
CC4,Open season,Off reserve,B,E,5A,2.119557765782431e-5
CC4,Open season,Off reserve,B,E,5B,1.1493868275790138e-4
CC4,Open season,Off reserve,C,E,0A,1.0013255114849071e-7
CC4,Open season,Off reserve,C,E,0B,6.588342255309243e-8
CC4,Open season,Off reserve,C,E,10A,0.6217210588630768
CC4,Open season,Off reserve,C,E,10B,0.045585170215360724
CC4,Open season,Off reserve,C,E,15A,0.0033848757999375718
CC4,Open season,Off reserve,C,E,15B,0.001234228732491603
CC4,Open season,Off reserve,C,E,20A,1.2458728522890534e-6
CC4,Open season,Off reserve,C,E,20B,7.641966211657803e-7
CC4,Open season,Off reserve,C,E,5A,2.748194340213539e-4
CC4,Open season,Off reserve,C,E,5B,1.2885074484338506e-4
CC4,Open season,Off reserve,D,E,0A,1.2745027873073408e-8
CC4,Open season,Off reserve,D,E,0B,2.4537922893586026e-9
CC4,Open season,Off reserve,D,E,10A,4.210834688129327e-4
CC4,Open season,Off reserve,D,E,10B,1.7557314058151977e-5
CC4,Open season,Off reserve,D,E,15A,4.84227136876658e-5
CC4,Open season,Off reserve,D,E,15B,3.3075273981841845e-6
CC4,Open season,Off reserve,D,E,20A,1.163902388690019e-7
CC4,Open season,Off reserve,D,E,20B,1.8441756330922497e-8
CC4,Open season,Off reserve,D,E,5A,8.91187938149685e-6
CC4,Open season,Off reserve,D,E,5B,8.210834892974357e-7
CC5,Closed season,Off reserve,A,A,0A,0.545980582132839
CC5,Closed season,Off reserve,A,A,0B,9.434036382933343
CC5,Closed season,Off reserve,A,A,10A,0.0031114610164301084
CC5,Closed season,Off reserve,A,A,10B,0.032288973571483595
CC5,Closed season,Off reserve,A,A,15A,0.010129599519229045
CC5,Closed season,Off reserve,A,A,15B,0.1799422944550618
CC5,Closed season,Off reserve,A,A,20A,7.167647299178624e-5
CC5,Closed season,Off reserve,A,A,20B,4.320981271512414e-4
CC5,Closed season,Off reserve,A,A,5A,0.023291872820297432
CC5,Closed season,Off reserve,A,A,5B,0.10981070806517416
CC5,Closed season,Off reserve,A,B,0A,0.5715587351147323
CC5,Closed season,Off reserve,A,B,0B,10.171875961503032
CC5,Closed season,Off reserve,A,B,10A,0.004403582138623062
CC5,Closed season,Off reserve,A,B,10B,0.028785740321329963
CC5,Closed season,Off reserve,A,B,15A,0.018853166072293377
CC5,Closed season,Off reserve,A,B,15B,0.24469356920757176
CC5,Closed season,Off reserve,A,B,20A,7.235895915995276e-5
CC5,Closed season,Off reserve,A,B,20B,4.211444537841524e-4
CC5,Closed season,Off reserve,A,B,5A,0.026047722315710408
CC5,Closed season,Off reserve,A,B,5B,0.13185975632393862
CC5,Closed season,Off reserve,A,C,0A,0.917987337133769
CC5,Closed season,Off reserve,A,C,0B,14.044059043842275
CC5,Closed season,Off reserve,A,C,10A,0.00581470686710564
CC5,Closed season,Off reserve,A,C,10B,0.12749058833701285
CC5,Closed season,Off reserve,A,C,15A,0.0018845202235153247
CC5,Closed season,Off reserve,A,C,15B,0.03598164867937232
CC5,Closed season,Off reserve,A,C,20A,1.3141279801936798e-4
CC5,Closed season,Off reserve,A,C,20B,0.0011006358758586436
CC5,Closed season,Off reserve,A,C,5A,0.030234198428248735
CC5,Closed season,Off reserve,A,C,5B,0.10927712295445084
CC5,Closed season,Off reserve,B,A,0A,13.757455082602482
CC5,Closed season,Off reserve,B,A,0B,1.004238660602629
CC5,Closed season,Off reserve,B,A,10A,0.1354404236476655
CC5,Closed season,Off reserve,B,A,10B,0.049767903797137
CC5,Closed season,Off reserve,B,A,15A,1.6683592225779742
CC5,Closed season,Off reserve,B,A,15B,2.5739957756384753
CC5,Closed season,Off reserve,B,A,20A,0.005646221543843902
CC5,Closed season,Off reserve,B,A,20B,0.021183030268706396
CC5,Closed season,Off reserve,B,A,5A,0.13083510197025183
CC5,Closed season,Off reserve,B,A,5B,0.0332800316207677
CC5,Closed season,Off reserve,B,B,0A,27.821748403207785
CC5,Closed season,Off reserve,B,B,0B,4.767798196956799
CC5,Closed season,Off reserve,B,B,10A,0.06840094779367423
CC5,Closed season,Off reserve,B,B,10B,0.10307532010128978
CC5,Closed season,Off reserve,B,B,15A,0.7418089317328554
CC5,Closed season,Off reserve,B,B,15B,4.306216054298236
CC5,Closed season,Off reserve,B,B,20A,0.006657666805643163
CC5,Closed season,Off reserve,B,B,20B,0.018684736128676414
CC5,Closed season,Off reserve,B,B,5A,0.21893035552418302
CC5,Closed season,Off reserve,B,B,5B,0.08495058392931425
CC5,Closed season,Off reserve,B,C,0A,13.01223491507394
CC5,Closed season,Off reserve,B,C,0B,15.210098847153224
CC5,Closed season,Off reserve,B,C,10A,1.138977039049386
CC5,Closed season,Off reserve,B,C,10B,0.12882032588429568
CC5,Closed season,Off reserve,B,C,15A,0.8471930627845238
CC5,Closed season,Off reserve,B,C,15B,0.5850595556866546
CC5,Closed season,Off reserve,B,C,20A,0.0041290083533778174
CC5,Closed season,Off reserve,B,C,20B,0.0018690409892934308
CC5,Closed season,Off reserve,B,C,5A,0.13932773405882098
CC5,Closed season,Off reserve,B,C,5B,0.10612912069474957
CC5,Closed season,Off reserve,C,A,0A,0.009351729970299335
CC5,Closed season,Off reserve,C,A,0B,6.311208329950359e-4
CC5,Closed season,Off reserve,C,A,10A,0.003943913497849017
CC5,Closed season,Off reserve,C,A,10B,0.015446522087501498
CC5,Closed season,Off reserve,C,A,15A,0.7443754317676773
CC5,Closed season,Off reserve,C,A,15B,0.03473385070992855
CC5,Closed season,Off reserve,C,A,20A,0.01358573049284563
CC5,Closed season,Off reserve,C,A,20B,0.0022183822254280288
CC5,Closed season,Off reserve,C,A,5A,0.0035469940653639355
CC5,Closed season,Off reserve,C,A,5B,0.05302963567008579
CC5,Closed season,Off reserve,C,B,0A,0.04796756618251699
CC5,Closed season,Off reserve,C,B,0B,0.002017170845172273
CC5,Closed season,Off reserve,C,B,10A,0.038789401918268136
CC5,Closed season,Off reserve,C,B,10B,0.38196561866000195
CC5,Closed season,Off reserve,C,B,15A,0.30989730251555725
CC5,Closed season,Off reserve,C,B,15B,0.01777945905327905
CC5,Closed season,Off reserve,C,B,20A,0.006497889122782061
CC5,Closed season,Off reserve,C,B,20B,8.550696834145154e-4
CC5,Closed season,Off reserve,C,B,5A,0.004461461939277321
CC5,Closed season,Off reserve,C,B,5B,5.933186321114681e-4
CC5,Closed season,Off reserve,C,C,0A,0.25788047967301414
CC5,Closed season,Off reserve,C,C,0B,0.011118186229112002
CC5,Closed season,Off reserve,C,C,10A,0.38364786915868065
CC5,Closed season,Off reserve,C,C,10B,0.07117846942435656
CC5,Closed season,Off reserve,C,C,15A,0.15620657937073065
CC5,Closed season,Off reserve,C,C,15B,0.010682223365777926
CC5,Closed season,Off reserve,C,C,20A,2.3448533264619712e-4
CC5,Closed season,Off reserve,C,C,20B,4.8654566774080067e-5
CC5,Closed season,Off reserve,C,C,5A,0.013208796501289602
CC5,Closed season,Off reserve,C,C,5B,0.0013792162488486602
CC5,Closed season,Off reserve,D,A,0A,8.148209352152015e-4
CC5,Closed season,Off reserve,D,A,0B,4.803150541543652e-4
CC5,Closed season,Off reserve,D,A,10A,0.2361861283200057
CC5,Closed season,Off reserve,D,A,10B,0.058200698605727776
CC5,Closed season,Off reserve,D,A,15A,3.8893199500551024e-4
CC5,Closed season,Off reserve,D,A,15B,6.80157836087636e-5
CC5,Closed season,Off reserve,D,A,20A,5.083383030745737e-5
CC5,Closed season,Off reserve,D,A,20B,3.0142050282000462e-6
CC5,Closed season,Off reserve,D,A,5A,2.0658782369049975
CC5,Closed season,Off reserve,D,A,5B,0.2616344632118964
CC5,Closed season,Off reserve,D,B,0A,1.698667402445509e-5
CC5,Closed season,Off reserve,D,B,0B,7.251698077848093e-7
CC5,Closed season,Off reserve,D,B,10A,0.08354549519118998
CC5,Closed season,Off reserve,D,B,10B,0.003842805326954254
CC5,Closed season,Off reserve,D,B,15A,0.001854415765551241
CC5,Closed season,Off reserve,D,B,15B,2.699331068249799e-4
CC5,Closed season,Off reserve,D,B,20A,1.8381342441720074e-05
CC5,Closed season,Off reserve,D,B,20B,1.3477545219542363e-6
CC5,Closed season,Off reserve,D,B,5A,1.7338056099398528e-4
CC5,Closed season,Off reserve,D,B,5B,3.815195458886311e-5
CC5,Closed season,Off reserve,D,C,0A,9.426147593861066e-5
CC5,Closed season,Off reserve,D,C,0B,3.8738512086178296e-6
CC5,Closed season,Off reserve,D,C,10A,7.196034025721822e-4
CC5,Closed season,Off reserve,D,C,10B,3.063451711562859e-5
CC5,Closed season,Off reserve,D,C,15A,1.5942053760643833e-4
CC5,Closed season,Off reserve,D,C,15B,8.892237658040253e-6
CC5,Closed season,Off reserve,D,C,20A,2.1880334906887456e-6
CC5,Closed season,Off reserve,D,C,20B,1.9293231298345146e-7
CC5,Closed season,Off reserve,D,C,5A,3.141062770971371e-5
CC5,Closed season,Off reserve,D,C,5B,2.2074990118703394e-6
CC5,Open season,Off reserve,A,D,0A,0.4592653031032353
CC5,Open season,Off reserve,A,D,0B,7.769811461715426
CC5,Open season,Off reserve,A,D,10A,1.5759230180814048e-5
CC5,Open season,Off reserve,A,D,10B,3.6164854976563635e-5
CC5,Open season,Off reserve,A,D,15A,8.093270049691623e-9
CC5,Open season,Off reserve,A,D,15B,1.4456768511195156e-8
CC5,Open season,Off reserve,A,D,20A,3.5180480750796057e-12
CC5,Open season,Off reserve,A,D,20B,5.492464261180882e-12
CC5,Open season,Off reserve,A,D,5A,0.017752296773335306
CC5,Open season,Off reserve,A,D,5B,0.07628431196409842
CC5,Open season,Off reserve,A,E,0A,0.08451882181869487
CC5,Open season,Off reserve,A,E,0B,1.7175323576842094
CC5,Open season,Off reserve,A,E,10A,4.391405610904009e-6
CC5,Open season,Off reserve,A,E,10B,1.027266173149855e-5
CC5,Open season,Off reserve,A,E,15A,2.254976276816478e-9
CC5,Open season,Off reserve,A,E,15B,3.9665039874847705e-9
CC5,Open season,Off reserve,A,E,20A,9.670664269378903e-13
CC5,Open season,Off reserve,A,E,20B,1.4738921194634713e-12
CC5,Open season,Off reserve,A,E,5A,0.004422877438384841
CC5,Open season,Off reserve,A,E,5B,0.022545216260890164
CC5,Open season,Off reserve,B,D,0A,12.083956329430377
CC5,Open season,Off reserve,B,D,0B,2.5297156022581007
CC5,Open season,Off reserve,B,D,10A,4.284977425963898e-5
CC5,Open season,Off reserve,B,D,10B,2.3844346637491572e-5
CC5,Open season,Off reserve,B,D,15A,1.6340831936467744e-8
CC5,Open season,Off reserve,B,D,15B,1.0827729646223361e-8
CC5,Open season,Off reserve,B,D,20A,6.043876510375414e-12
CC5,Open season,Off reserve,B,D,20B,4.406981446436476e-12
CC5,Open season,Off reserve,B,D,5A,0.10018080857306483
CC5,Open season,Off reserve,B,D,5B,0.037550794890908276
CC5,Open season,Off reserve,B,E,0A,1.8586212488982534
CC5,Open season,Off reserve,B,E,0B,0.0922591122454166
CC5,Open season,Off reserve,B,E,10A,1.0426194259989257e-5
CC5,Open season,Off reserve,B,E,10B,4.5374134500209e-6
CC5,Open season,Off reserve,B,E,15A,4.005140921137239e-9
CC5,Open season,Off reserve,B,E,15B,2.3052724751337917e-9
CC5,Open season,Off reserve,B,E,20A,1.4845236151472814e-12
CC5,Open season,Off reserve,B,E,20B,9.832046288238414e-13
CC5,Open season,Off reserve,B,E,5A,0.023251620476515533
CC5,Open season,Off reserve,B,E,5B,0.004689016229603449
CC5,Open season,Off reserve,C,D,0A,0.029165532700563115
CC5,Open season,Off reserve,C,D,0B,0.0012369982584601936
CC5,Open season,Off reserve,C,D,10A,3.930999192642836e-6
CC5,Open season,Off reserve,C,D,10B,7.011757674302288e-7
CC5,Open season,Off reserve,C,D,15A,2.9305730420148276e-9
CC5,Open season,Off reserve,C,D,15B,8.090439962415991e-10
CC5,Open season,Off reserve,C,D,20A,1.5908030448485992e-12
CC5,Open season,Off reserve,C,D,20B,5.738520769682511e-13
CC5,Open season,Off reserve,C,D,5A,0.002211793523231966
CC5,Open season,Off reserve,C,D,5B,1.785814312407253e-4
CC5,Open season,Off reserve,C,E,0A,8.12372487203224e-4
CC5,Open season,Off reserve,C,E,0B,3.363110674302395e-5
CC5,Open season,Off reserve,C,E,10A,4.64406272682183e-7
CC5,Open season,Off reserve,C,E,10B,6.128183854592347e-8
CC5,Open season,Off reserve,C,E,15A,4.68821905741379e-10
CC5,Open season,Off reserve,C,E,15B,1.0463931499060655e-10
CC5,Open season,Off reserve,C,E,20A,2.9276137070155533e-13
CC5,Open season,Off reserve,C,E,20B,9.087841590371674e-14
CC5,Open season,Off reserve,C,E,5A,1.2346484594571986e-4
CC5,Open season,Off reserve,C,E,5B,7.561857166540344e-6
CC5,Open season,Off reserve,D,D,0A,1.0410660155226733e-5
CC5,Open season,Off reserve,D,D,0B,4.2680358609104023e-7
CC5,Open season,Off reserve,D,D,10A,2.907069952318152e-8
CC5,Open season,Off reserve,D,D,10B,2.5984993667904635e-9
CC5,Open season,Off reserve,D,D,15A,6.877068692290323e-11
CC5,Open season,Off reserve,D,D,15B,9.846083948161769e-12
CC5,Open season,Off reserve,D,D,20A,7.844835892001356e-14
CC5,Open season,Off reserve,D,D,20B,1.5822898546957735e-14
CC5,Open season,Off reserve,D,D,5A,2.619906989802524e-6
CC5,Open season,Off reserve,D,D,5B,1.3486594620193408e-7
CC5,Open season,Off reserve,D,E,0A,2.7942901787536555e-7
CC5,Open season,Off reserve,D,E,0B,1.1412427518564527e-8
CC5,Open season,Off reserve,D,E,10A,1.7843226807201513e-9
CC5,Open season,Off reserve,D,E,10B,1.345364797344928e-10
CC5,Open season,Off reserve,D,E,15A,6.5467675725017225e-12
CC5,Open season,Off reserve,D,E,15B,7.828715453683796e-13
CC5,Open season,Off reserve,D,E,20A,9.787726185095386e-15
CC5,Open season,Off reserve,D,E,20B,1.6875389974302373e-15
CC5,Open season,Off reserve,D,E,5A,9.025904240012036e-8
CC5,Open season,Off reserve,D,E,5B,4.323400650818598e-9
